HORIZON SPORTS,Skiing China Exploring Altai Mountains,2023.08.21 00:00:54,2023.08.21 00:30:46,Sport,TgrcoI2NoZ
HORIZON SPORTS,Summiting Mt Sneffels In Colorado Eng,2023.08.21 00:30:47,2023.08.21 00:48:26,Sport,TgrcoI2NoZ
HORIZON SPORTS,Engadin Ski Marathon 2023,2023.08.21 00:48:27,2023.08.21 00:50:59,Sport,TgrcoI2NoZ
HORIZON SPORTS,A Feather In The West,2023.08.21 00:51:00,2023.08.21 01:49:19,Sport,TgrcoI2NoZ
HORIZON SPORTS,Running The Loowit Trail On Mt St Helens,2023.08.21 01:49:20,2023.08.21 01:54:48,Sport,TgrcoI2NoZ
HORIZON SPORTS,Lekkarod 2022 V. Int,2023.08.21 01:54:49,2023.08.21 01:59:59,Sport,TgrcoI2NoZ
HORIZON SPORTS,Super League Triathlon Arena Games 2023 London Men,2023.08.21 02:00:00,2023.08.21 03:31:22,Sport,TgrcoI2NoZ
HORIZON SPORTS,Crewing And Pacing The 2022 Hardrock 100,2023.08.21 03:31:23,2023.08.21 04:24:15,Sport,TgrcoI2NoZ
HORIZON SPORTS,Salomon Community Run New Caledonia,2023.08.21 04:24:16,2023.08.21 04:36:15,Sport,TgrcoI2NoZ
HORIZON SPORTS,Galaverna Winter Trail Race 2023,2023.08.21 04:36:16,2023.08.21 04:52:51,Sport,TgrcoI2NoZ
HORIZON SPORTS,Trans Atlas Marathon Eng,2023.08.21 04:52:52,2023.08.21 05:18:58,Sport,TgrcoI2NoZ
HORIZON SPORTS,The Outdoor Sports Show 2023 - Episode 5,2023.08.21 05:18:59,2023.08.21 05:45:50,Sport,TgrcoI2NoZ
HORIZON SPORTS,Long Course Weekend Wales 2022,2023.08.21 05:45:51,2023.08.21 06:52:47,Sport,TgrcoI2NoZ
HORIZON SPORTS,Golden Trail World Series 2023 Episode 1 Zegama,2023.08.21 06:52:48,2023.08.21 07:20:03,Sport,TgrcoI2NoZ
HORIZON SPORTS,Malaysia Mountain Trail Festival 2022,2023.08.21 07:20:04,2023.08.21 07:58:21,Sport,TgrcoI2NoZ
HORIZON SPORTS,Maxi Race 2023,2023.08.21 07:58:22,2023.08.21 08:03:06,Sport,TgrcoI2NoZ
HORIZON SPORTS,Otilloswimrun Cannes 2022 Official Film,2023.08.21 08:03:07,2023.08.21 08:10:06,Sport,TgrcoI2NoZ
HORIZON SPORTS,European Freestyle Pro Tour Austria 2022,2023.08.21 08:10:07,2023.08.21 08:15:54,Sport,TgrcoI2NoZ
HORIZON SPORTS,Otilloswimrun Uto2023,2023.08.21 08:15:55,2023.08.21 08:19:50,Sport,TgrcoI2NoZ
HORIZON SPORTS,Gka Freestyle-Kite World Cup 2022 Final,2023.08.21 08:19:51,2023.08.21 08:37:25,Sport,TgrcoI2NoZ
HORIZON SPORTS,Lords Of Tram Gka Big-Air Kite World Cup France 2023,2023.08.21 08:37:26,2023.08.21 08:49:33,Sport,TgrcoI2NoZ
HORIZON SPORTS,European Freestyle Pro Tour 2023,2023.08.21 08:49:34,2023.08.21 08:58:24,Sport,TgrcoI2NoZ
HORIZON SPORTS,Gka Freestyle-Kite World Cup Colombia 2023,2023.08.21 08:58:25,2023.08.21 09:20:15,Sport,TgrcoI2NoZ
HORIZON SPORTS,Kite Masters 2022 - Episode 6,2023.08.21 09:20:16,2023.08.21 09:52:27,Sport,TgrcoI2NoZ
HORIZON SPORTS,All The Way Eng,2023.08.21 09:52:28,2023.08.21 11:09:24,Sport,TgrcoI2NoZ
HORIZON SPORTS,Kite Masters 2022 - Episode 5,2023.08.21 11:09:25,2023.08.21 11:41:28,Sport,TgrcoI2NoZ
HORIZON SPORTS,Gka Kite World Tour 2022,2023.08.21 11:41:29,2023.08.21 11:57:00,Sport,TgrcoI2NoZ
HORIZON SPORTS,Gwa Wingfoil World Cup 2022 - Brazil,2023.08.21 11:57:01,2023.08.21 12:28:56,Sport,TgrcoI2NoZ
HORIZON SPORTS,The Swimsmith,2023.08.21 12:28:57,2023.08.21 13:21:51,Sport,TgrcoI2NoZ
HORIZON SPORTS,Qatar Airways Gka Big Air Kite World Championships,2023.08.21 13:21:52,2023.08.21 13:38:43,Sport,TgrcoI2NoZ
HORIZON SPORTS,Gka Kite-Surf World Cup Cape Verde 2023,2023.08.21 13:38:44,2023.08.21 13:52:06,Sport,TgrcoI2NoZ
HORIZON SPORTS,Otilloswimrun Engadin 2023,2023.08.21 13:52:07,2023.08.21 13:55:06,Sport,TgrcoI2NoZ
HORIZON SPORTS,Gwa Wingfoil World Tour Cabo Verde 2023,2023.08.21 13:55:07,2023.08.21 14:05:58,Sport,TgrcoI2NoZ
HORIZON SPORTS,Dobbiaco - Cortina Cross Country Race 2022,2023.08.21 14:05:59,2023.08.21 14:40:12,Sport,TgrcoI2NoZ
HORIZON SPORTS,Engadin Ski Marathon 2023,2023.08.21 14:40:13,2023.08.21 14:42:46,Sport,TgrcoI2NoZ
HORIZON SPORTS,Freeride World Tour 2023 Rd2 Ordino Arcalis Andorra,2023.08.21 14:42:47,2023.08.21 15:04:09,Sport,TgrcoI2NoZ
HORIZON SPORTS,Julbo White Session Zermatt And Chamonix,2023.08.21 15:04:10,2023.08.21 15:21:23,Sport,TgrcoI2NoZ
HORIZON SPORTS,Nightmare Climbs - Jafferau Eng,2023.08.21 15:21:24,2023.08.21 15:33:18,Sport,TgrcoI2NoZ
HORIZON SPORTS,Freeride World Tour 2023 Rd1 Baqueira Beret Spain,2023.08.21 15:33:19,2023.08.21 15:52:55,Sport,TgrcoI2NoZ
HORIZON SPORTS,Aussie 8,2023.08.21 15:52:56,2023.08.21 16:47:24,Sport,TgrcoI2NoZ
HORIZON SPORTS,Norvan Falls,2023.08.21 16:47:25,2023.08.21 16:55:34,Sport,TgrcoI2NoZ
HORIZON SPORTS,Nepal - The Other Side Of Things,2023.08.21 16:55:35,2023.08.21 17:15:03,Sport,TgrcoI2NoZ
HORIZON SPORTS,World Rookie Freeski Finals 2023,2023.08.21 17:15:04,2023.08.21 17:21:38,Sport,TgrcoI2NoZ
HORIZON SPORTS,Summiting Mt Sneffels In Colorado Eng,2023.08.21 17:21:39,2023.08.21 17:37:07,Sport,TgrcoI2NoZ
HORIZON SPORTS,A Feather In The West,2023.08.21 17:37:08,2023.08.21 18:35:28,Sport,TgrcoI2NoZ
HORIZON SPORTS,Backcountry Skiing At Mcgillivray Lodge Eng,2023.08.21 18:35:29,2023.08.21 19:15:02,Sport,TgrcoI2NoZ
HORIZON SPORTS,Lekkarod 2022 V. Int,2023.08.21 19:15:03,2023.08.21 19:41:46,Sport,TgrcoI2NoZ
HORIZON SPORTS,Margalef - Climbing,2023.08.21 19:41:47,2023.08.21 19:58:41,Sport,TgrcoI2NoZ
HORIZON SPORTS,Running The Loowit Trail On Mt St Helens,2023.08.21 19:58:42,2023.08.21 20:08:59,Sport,TgrcoI2NoZ
HORIZON SPORTS,Inside Utmb 2022,2023.08.21 20:09:00,2023.08.21 21:55:02,Sport,TgrcoI2NoZ
HORIZON SPORTS,The Outdoor Sports Show 2023 - Episode 6,2023.08.21 21:55:03,2023.08.21 22:20:21,Sport,TgrcoI2NoZ
HORIZON SPORTS,Golden Trail Series - Chasing Dreams Season 2022 - Episode 1 Keep Dreaming Eng,2023.08.21 22:20:22,2023.08.21 22:56:16,Sport,TgrcoI2NoZ
HORIZON SPORTS,Super League Triathlon Arena Games 2023 Sursee Part 2,2023.08.21 22:56:17,2023.08.22 00:27:17,Sport,TgrcoI2NoZ
HORIZON SPORTS,Marathon Des Sables 2023 0,2023.08.22 00:27:18,2023.08.22 00:30:24,Sport,TgrcoI2NoZ
HORIZON SPORTS,Ibiza Marathon 2023,2023.08.22 00:30:25,2023.08.22 01:02:50,Sport,TgrcoI2NoZ
HORIZON SPORTS,Galaverna Winter Trail Race 2023,2023.08.22 01:02:51,2023.08.22 01:19:11,Sport,TgrcoI2NoZ
HORIZON SPORTS,Golden Trail World Series 2023 Episode 1 Zegama,2023.08.22 01:19:12,2023.08.22 01:48:37,Sport,TgrcoI2NoZ
HORIZON SPORTS,The Outdoor Sports Show 2023 - Episode 7,2023.08.22 01:48:38,2023.08.22 02:34:39,Sport,TgrcoI2NoZ
HORIZON SPORTS,Rwanda Congo Uganda Bike Adventure - Part 4,2023.08.22 02:34:40,2023.08.22 03:01:17,Sport,TgrcoI2NoZ
HORIZON SPORTS,Marathon Des Sables 2023 2,2023.08.22 03:01:18,2023.08.22 03:07:57,Sport,TgrcoI2NoZ
HORIZON SPORTS,Ultra Vegans,2023.08.22 03:07:58,2023.08.22 04:01:41,Sport,TgrcoI2NoZ
HORIZON SPORTS,Backcountry Skiing At Mcgillivray Lodge Eng,2023.08.22 04:01:42,2023.08.22 04:41:24,Sport,TgrcoI2NoZ
HORIZON SPORTS,Marathon Des Sables 2023 - The Film,2023.08.22 04:41:25,2023.08.22 05:42:10,Sport,TgrcoI2NoZ
HORIZON SPORTS,From The South Up - The Film,2023.08.22 05:42:11,2023.08.22 06:09:23,Sport,TgrcoI2NoZ
HORIZON SPORTS,Marathon Des Sables 2023 7,2023.08.22 06:09:24,2023.08.22 06:11:56,Sport,TgrcoI2NoZ
HORIZON SPORTS,Rwanda Congo Uganda Bike Adventure - Part 2,2023.08.22 06:11:57,2023.08.22 06:33:26,Sport,TgrcoI2NoZ
HORIZON SPORTS,The Outdoor Sports Show 2023 Episode 4,2023.08.22 06:33:27,2023.08.22 07:05:44,Sport,TgrcoI2NoZ
HORIZON SPORTS,Marathon Des Sables 2023 0,2023.08.22 07:05:45,2023.08.22 07:10:52,Sport,TgrcoI2NoZ
HORIZON SPORTS,Marathon Des Sables 2023 1,2023.08.22 07:10:53,2023.08.22 07:15:34,Sport,TgrcoI2NoZ
HORIZON SPORTS,Sunshine Coast Trail - Fastpacking 115 Km In 3 Days,2023.08.22 07:15:35,2023.08.22 07:41:48,Sport,TgrcoI2NoZ
HORIZON SPORTS,Georgia On My Bike - Part 2 Eng,2023.08.22 07:41:49,2023.08.22 07:57:32,Sport,TgrcoI2NoZ
HORIZON SPORTS,Marathon Des Sables 2023 6,2023.08.22 07:57:33,2023.08.22 08:05:54,Sport,TgrcoI2NoZ
HORIZON SPORTS,Marathon Des Sables 2023 4,2023.08.22 08:05:55,2023.08.22 08:14:59,Sport,TgrcoI2NoZ
HORIZON SPORTS,Tour Of Hellas 2023 Stage 3,2023.08.22 08:15:00,2023.08.22 08:45:53,Sport,TgrcoI2NoZ
HORIZON SPORTS,Desafio China By La Vuelta,2023.08.22 08:45:54,2023.08.22 09:50:11,Sport,TgrcoI2NoZ
HORIZON SPORTS,The First Second - Jerome Clementz,2023.08.22 09:50:12,2023.08.22 09:52:24,Sport,TgrcoI2NoZ
HORIZON SPORTS,Swiss Epic 2022,2023.08.22 09:52:25,2023.08.22 10:16:05,Sport,TgrcoI2NoZ
HORIZON SPORTS,Tour Of Hellas 2023,2023.08.22 10:16:06,2023.08.22 11:10:03,Sport,TgrcoI2NoZ
HORIZON SPORTS,Titan Desert Morocco 2023,2023.08.22 11:10:04,2023.08.22 11:41:20,Sport,TgrcoI2NoZ
HORIZON SPORTS,Recon Chrono Climb Tarvisio-Lussari Giro DItalia 2023 Eng,2023.08.22 11:41:21,2023.08.22 12:12:58,Sport,TgrcoI2NoZ
HORIZON SPORTS,Mediterranean Epic 2023 Eng,2023.08.22 12:12:59,2023.08.22 12:30:04,Sport,TgrcoI2NoZ
HORIZON SPORTS,Cape Epic 2022,2023.08.22 12:30:05,2023.08.22 13:27:24,Sport,TgrcoI2NoZ
HORIZON SPORTS,Freewheeling 2023 Ep.2 Strade Bianche Eng,2023.08.22 13:27:25,2023.08.22 14:17:53,Sport,TgrcoI2NoZ
HORIZON SPORTS,European Freestyle Pro Tour 2023,2023.08.22 14:17:54,2023.08.22 14:24:42,Sport,TgrcoI2NoZ
HORIZON SPORTS,Gka Freestyle-Kite World Cup Colombia 2023,2023.08.22 14:24:43,2023.08.22 14:48:35,Sport,TgrcoI2NoZ
HORIZON SPORTS,Birna. The Woman Who Swims In Ice,2023.08.22 14:48:36,2023.08.22 15:22:17,Sport,TgrcoI2NoZ
HORIZON SPORTS,The First Second - Samantha Davies,2023.08.22 15:22:18,2023.08.22 15:24:40,Sport,TgrcoI2NoZ
HORIZON SPORTS,Tour Of The Islands Of Southern Brittany,2023.08.22 15:24:41,2023.08.22 15:59:11,Sport,TgrcoI2NoZ
HORIZON SPORTS,Kite Masters 2022 - Episode 6,2023.08.22 15:59:12,2023.08.22 16:31:24,Sport,TgrcoI2NoZ
HORIZON SPORTS,The First Second - Armel Le CleacH E,2023.08.22 16:31:25,2023.08.22 16:33:33,Sport,TgrcoI2NoZ
HORIZON SPORTS,Otilloswimrun Cannes 2022 Official Film,2023.08.22 16:33:34,2023.08.22 16:40:42,Sport,TgrcoI2NoZ
HORIZON SPORTS,Visit Qatar Gka Freestyle Kite World Cup 2023,2023.08.22 16:40:43,2023.08.22 16:46:22,Sport,TgrcoI2NoZ
HORIZON SPORTS,Aliquam The Film,2023.08.22 16:46:23,2023.08.22 17:54:54,Sport,TgrcoI2NoZ
HORIZON SPORTS,Moana Waiwai - The Film,2023.08.22 17:54:55,2023.08.22 18:23:14,Sport,TgrcoI2NoZ
HORIZON SPORTS,European Freestyle Pro Tour Austria 2022,2023.08.22 18:23:15,2023.08.22 18:27:02,Sport,TgrcoI2NoZ
HORIZON SPORTS,Lords Of Tram Gka Big-Air Kite World Cup France 2023,2023.08.22 18:27:03,2023.08.22 18:41:19,Sport,TgrcoI2NoZ
HORIZON SPORTS,Kite Masters 2022 - Episode 5,2023.08.22 18:41:20,2023.08.22 19:13:30,Sport,TgrcoI2NoZ
HORIZON SPORTS,Route Du Rhum 2022 - Full Summary Eng,2023.08.22 19:13:31,2023.08.22 20:21:08,Sport,TgrcoI2NoZ
HORIZON SPORTS,La Grande Odyssee 2022,2023.08.22 20:21:09,2023.08.22 20:36:31,Sport,TgrcoI2NoZ
HORIZON SPORTS,Norvan Falls,2023.08.22 20:36:32,2023.08.22 20:44:31,Sport,TgrcoI2NoZ
HORIZON SPORTS,Skiing China Exploring Altai Mountains,2023.08.22 20:44:32,2023.08.22 21:14:31,Sport,TgrcoI2NoZ
HORIZON SPORTS,Aussie 8,2023.08.22 21:14:32,2023.08.22 22:08:59,Sport,TgrcoI2NoZ
HORIZON SPORTS,Freeride World Tour 2023 Rd1 Baqueira Beret Spain,2023.08.22 22:09:00,2023.08.22 22:28:44,Sport,TgrcoI2NoZ
HORIZON SPORTS,Engadin Ski Marathon 2023,2023.08.22 22:28:45,2023.08.22 22:31:18,Sport,TgrcoI2NoZ
HORIZON SPORTS,Lekkarod 2022 V. Int,2023.08.22 22:31:19,2023.08.22 22:57:58,Sport,TgrcoI2NoZ
HORIZON SPORTS,Dobbiaco - Cortina Cross Country Race 2022,2023.08.22 22:57:59,2023.08.22 23:30:16,Sport,TgrcoI2NoZ
HORIZON SPORTS,Summiting Mt Sneffels In Colorado Eng,2023.08.22 23:30:17,2023.08.22 23:48:02,Sport,TgrcoI2NoZ
HORIZON SPORTS,La Grande Odyssee 2023 - Best Of,2023.08.22 23:48:03,2023.08.23 00:01:13,Sport,TgrcoI2NoZ
HORIZON SPORTS,Julbo White Session Zermatt And Chamonix,2023.08.23 00:01:14,2023.08.23 00:18:33,Sport,TgrcoI2NoZ
HORIZON SPORTS,Highest Peak On VancouverS North Shore - Brunswick Mountain Eng,2023.08.23 00:18:34,2023.08.23 00:36:49,Sport,TgrcoI2NoZ
HORIZON SPORTS,Petzl Roc Trip Argentina,2023.08.23 00:36:50,2023.08.23 01:03:31,Sport,TgrcoI2NoZ
HORIZON SPORTS,Backcountry Skiing At Mcgillivray Lodge Eng,2023.08.23 01:03:32,2023.08.23 01:43:06,Sport,TgrcoI2NoZ
HORIZON SPORTS,Running The Loowit Trail On Mt St Helens,2023.08.23 01:43:07,2023.08.23 01:50:37,Sport,TgrcoI2NoZ
HORIZON SPORTS,Margalef - Climbing,2023.08.23 01:50:38,2023.08.23 02:09:34,Sport,TgrcoI2NoZ
HORIZON SPORTS,World Rookie Snowboard Finals 2023,2023.08.23 02:09:35,2023.08.23 02:12:43,Sport,TgrcoI2NoZ
HORIZON SPORTS,Nightmare Climbs - San Pantaleon Eng,2023.08.23 02:12:44,2023.08.23 02:24:23,Sport,TgrcoI2NoZ
HORIZON SPORTS,Galaverna Winter Trail Race 2023,2023.08.23 02:24:24,2023.08.23 02:40:44,Sport,TgrcoI2NoZ
HORIZON SPORTS,Super League Triathlon Arena Games 2023 London Women,2023.08.23 02:40:45,2023.08.23 04:17:54,Sport,TgrcoI2NoZ
HORIZON SPORTS,Salomon Community Run New Caledonia,2023.08.23 04:17:55,2023.08.23 04:30:03,Sport,TgrcoI2NoZ
HORIZON SPORTS,Ibiza Marathon 2023,2023.08.23 04:30:04,2023.08.23 05:02:24,Sport,TgrcoI2NoZ
HORIZON SPORTS,Trans Sahara Marathon 2023 Eng,2023.08.23 05:02:25,2023.08.23 05:36:05,Sport,TgrcoI2NoZ
HORIZON SPORTS,Ungrounded Episode 3 - Meredith Edwards,2023.08.23 05:36:06,2023.08.23 05:41:35,Sport,TgrcoI2NoZ
HORIZON SPORTS,Super League Triathlon Arena Games 2023 Sursee Part 2,2023.08.23 05:41:36,2023.08.23 07:12:51,Sport,TgrcoI2NoZ
HORIZON SPORTS,Golden Trail Series - Chasing Dreams Season 2022 - Episode 2 A New Life Eng,2023.08.23 07:12:52,2023.08.23 07:45:27,Sport,TgrcoI2NoZ
HORIZON SPORTS,Trail Menorca 2023,2023.08.23 07:45:28,2023.08.23 08:19:43,Sport,TgrcoI2NoZ
HORIZON SPORTS,Marathon Des Sables 2023 0,2023.08.23 08:19:44,2023.08.23 08:27:04,Sport,TgrcoI2NoZ
HORIZON SPORTS,Raid Temiscamingue Eng,2023.08.23 08:27:05,2023.08.23 08:56:40,Sport,TgrcoI2NoZ
HORIZON SPORTS,Marathon Des Sables 2023 0,2023.08.23 08:56:41,2023.08.23 08:59:47,Sport,TgrcoI2NoZ
HORIZON SPORTS,Rwanda Congo Uganda Bike Adventure - Part 1,2023.08.23 08:59:48,2023.08.23 09:18:46,Sport,TgrcoI2NoZ
HORIZON SPORTS,Backcountry Skiing At Mcgillivray Lodge Eng,2023.08.23 09:18:47,2023.08.23 09:58:18,Sport,TgrcoI2NoZ
HORIZON SPORTS,Adventure Racing World Series 2022 - Panama,2023.08.23 09:58:19,2023.08.23 11:05:02,Sport,TgrcoI2NoZ
HORIZON SPORTS,Marathon Des Sables 2023 3,2023.08.23 11:05:03,2023.08.23 11:09:36,Sport,TgrcoI2NoZ
HORIZON SPORTS,Marathon Des Sables 2023 6,2023.08.23 11:09:37,2023.08.23 11:18:07,Sport,TgrcoI2NoZ
HORIZON SPORTS,Ultra Vegans,2023.08.23 11:18:08,2023.08.23 12:11:49,Sport,TgrcoI2NoZ
HORIZON SPORTS,From The South Up - The Film,2023.08.23 12:11:50,2023.08.23 12:39:01,Sport,TgrcoI2NoZ
HORIZON SPORTS,Chapter 10  Traverse - Reflections On A Brutal Yet Beautiful Adventure,2023.08.23 12:39:02,2023.08.23 12:52:24,Sport,TgrcoI2NoZ
HORIZON SPORTS,Sunshine Coast Trail - Fastpacking 115 Km In 3 Days,2023.08.23 12:52:25,2023.08.23 13:18:41,Sport,TgrcoI2NoZ
HORIZON SPORTS,The Outdoor Sports Show 2022 - Episode 12,2023.08.23 13:18:42,2023.08.23 13:51:01,Sport,TgrcoI2NoZ
HORIZON SPORTS,Georgia On My Bike - Part 1 Eng,2023.08.23 13:51:02,2023.08.23 14:07:41,Sport,TgrcoI2NoZ
HORIZON SPORTS,The First Second - Geraldine Fasnacht,2023.08.23 14:07:42,2023.08.23 14:10:07,Sport,TgrcoI2NoZ
HORIZON SPORTS,Funes Valley Winter Hike Eng,2023.08.23 14:10:08,2023.08.23 14:18:36,Sport,TgrcoI2NoZ
HORIZON SPORTS,Marathon Des Sables 2023 2,2023.08.23 14:18:37,2023.08.23 14:23:13,Sport,TgrcoI2NoZ
HORIZON SPORTS,Marathon Des Sables 2023 4,2023.08.23 14:23:14,2023.08.23 14:30:00,Sport,TgrcoI2NoZ
HORIZON SPORTS,LEroica 2022,2023.08.23 14:30:01,2023.08.23 14:36:22,Sport,TgrcoI2NoZ
HORIZON SPORTS,Mediterranean Epic 2022 Highlights,2023.08.23 14:36:23,2023.08.23 14:52:15,Sport,TgrcoI2NoZ
HORIZON SPORTS,Titan Desert Morocco 2023,2023.08.23 14:52:16,2023.08.23 15:23:26,Sport,TgrcoI2NoZ
HORIZON SPORTS,Desafio China By La Vuelta,2023.08.23 15:23:27,2023.08.23 16:30:17,Sport,TgrcoI2NoZ
HORIZON SPORTS,Pedaler And Decouvrir Alba,2023.08.23 16:30:18,2023.08.23 17:01:12,Sport,TgrcoI2NoZ
HORIZON SPORTS,Freewheeling 2023 Ep.3 Tour Of Flanders Eng,2023.08.23 17:01:13,2023.08.23 17:43:26,Sport,TgrcoI2NoZ
HORIZON SPORTS,Tour Of Hellas 2023 Prologue,2023.08.23 17:43:27,2023.08.23 18:14:02,Sport,TgrcoI2NoZ
HORIZON SPORTS,4Islands 2023,2023.08.23 18:14:03,2023.08.23 18:38:38,Sport,TgrcoI2NoZ
HORIZON SPORTS,Tour Of Hellas 2023 Stage 4,2023.08.23 18:38:39,2023.08.23 19:11:33,Sport,TgrcoI2NoZ
HORIZON SPORTS,Tour Of Hellas 2023,2023.08.23 19:11:34,2023.08.23 20:05:37,Sport,TgrcoI2NoZ
HORIZON SPORTS,Algarve Bike Challenge 2022,2023.08.23 20:05:38,2023.08.23 20:17:36,Sport,TgrcoI2NoZ
HORIZON SPORTS,Nightmare Climbs - San Pantaleon Eng,2023.08.23 20:17:37,2023.08.23 20:28:49,Sport,TgrcoI2NoZ
HORIZON SPORTS,The First Second - Jerome Clementz,2023.08.23 20:28:50,2023.08.23 20:33:26,Sport,TgrcoI2NoZ
HORIZON SPORTS,Hugo And Max - The Grand Slam,2023.08.23 20:33:27,2023.08.23 21:09:37,Sport,TgrcoI2NoZ
HORIZON SPORTS,Kite Masters 2022 - Episode 5,2023.08.23 21:09:38,2023.08.23 21:43:56,Sport,TgrcoI2NoZ
HORIZON SPORTS,Gka Kite World Tour 2022,2023.08.23 21:43:57,2023.08.23 21:57:20,Sport,TgrcoI2NoZ
HORIZON SPORTS,Visit Qatar Gka Freestyle Kite World Cup 2023,2023.08.23 21:57:21,2023.08.23 22:05:02,Sport,TgrcoI2NoZ
HORIZON SPORTS,Gka Freestyle-Kite World Cup 2022 Final,2023.08.23 22:05:03,2023.08.23 22:20:34,Sport,TgrcoI2NoZ
HORIZON SPORTS,Gka Kite World Tour 2022 - Neom,2023.08.23 22:20:35,2023.08.23 22:39:04,Sport,TgrcoI2NoZ
HORIZON SPORTS,Coolangatta Gold 2022,2023.08.23 22:39:05,2023.08.23 23:40:33,Sport,TgrcoI2NoZ
HORIZON SPORTS,Otilloswimrun Cannes 2022 Official Film,2023.08.23 23:40:34,2023.08.23 23:47:36,Sport,TgrcoI2NoZ
HORIZON SPORTS,Otilloswimrun Uto2023,2023.08.23 23:47:37,2023.08.23 23:51:32,Sport,TgrcoI2NoZ
HORIZON SPORTS,The First Second - Armel Le CleacH E,2023.08.23 23:51:33,2023.08.23 23:55:43,Sport,TgrcoI2NoZ
HORIZON SPORTS,Birna. The Woman Who Swims In Ice,2023.08.23 23:55:44,2023.08.24 00:29:25,Sport,TgrcoI2NoZ
HORIZON SPORTS,European Freestyle Pro Tour 2023,2023.08.24 00:29:26,2023.08.24 00:38:23,Sport,TgrcoI2NoZ
HORIZON SPORTS,Gka Freestyle-Kite World Cup Colombia 2023,2023.08.24 00:38:24,2023.08.24 01:00:06,Sport,TgrcoI2NoZ
HORIZON SPORTS,All The Way Eng,2023.08.24 01:00:07,2023.08.24 02:17:10,Sport,TgrcoI2NoZ
HORIZON SPORTS,Lords Of Tram Gka Big-Air Kite World Cup France 2023,2023.08.24 02:17:11,2023.08.24 02:29:26,Sport,TgrcoI2NoZ
HORIZON SPORTS,Otilloswimrun Engadin 2023,2023.08.24 02:29:27,2023.08.24 02:36:36,Sport,TgrcoI2NoZ
HORIZON SPORTS,Freeride World Tour 2023 Rd3 Kicking Horse Golden Bc Canada,2023.08.24 02:36:37,2023.08.24 02:54:58,Sport,TgrcoI2NoZ
HORIZON SPORTS,La Grande Odyssee 2022,2023.08.24 02:54:59,2023.08.24 03:10:21,Sport,TgrcoI2NoZ
HORIZON SPORTS,Nepal - The Other Side Of Things,2023.08.24 03:10:22,2023.08.24 03:27:42,Sport,TgrcoI2NoZ
HORIZON SPORTS,Nine Mountains,2023.08.24 03:27:43,2023.08.24 04:23:26,Sport,TgrcoI2NoZ
HORIZON SPORTS,Julbo White Session Zermatt And Chamonix,2023.08.24 04:23:27,2023.08.24 04:40:46,Sport,TgrcoI2NoZ
HORIZON SPORTS,Dobbiaco - Cortina Cross Country Race 2022,2023.08.24 04:40:47,2023.08.24 05:12:56,Sport,TgrcoI2NoZ
HORIZON SPORTS,Freeride World Tour 2023 Rd2 Ordino Arcalis Andorra,2023.08.24 05:12:57,2023.08.24 05:34:12,Sport,TgrcoI2NoZ
HORIZON SPORTS,Lekkarod 2022 V. Int,2023.08.24 05:34:13,2023.08.24 05:59:01,Sport,TgrcoI2NoZ
HORIZON SPORTS,Backcountry Skiing At Mcgillivray Lodge Eng,2023.08.24 05:59:02,2023.08.24 06:38:42,Sport,TgrcoI2NoZ
HORIZON SPORTS,World Rookie Freeski Finals 2023,2023.08.24 06:38:43,2023.08.24 06:45:18,Sport,TgrcoI2NoZ
HORIZON SPORTS,Margalef - Climbing,2023.08.24 06:45:19,2023.08.24 07:04:24,Sport,TgrcoI2NoZ
HORIZON SPORTS,Aussie 8,2023.08.24 07:04:25,2023.08.24 07:59:02,Sport,TgrcoI2NoZ
HORIZON SPORTS,Highest Peak On VancouverS North Shore - Brunswick Mountain Eng,2023.08.24 07:59:03,2023.08.24 08:17:08,Sport,TgrcoI2NoZ
HORIZON SPORTS,Freeride World Tour 2023 Rd1 Baqueira Beret Spain,2023.08.24 08:17:09,2023.08.24 08:39:50,Sport,TgrcoI2NoZ
HORIZON SPORTS,The Outdoor Sports Show 2023 - Episode 5,2023.08.24 08:39:51,2023.08.24 09:06:41,Sport,TgrcoI2NoZ
HORIZON SPORTS,Golden Trail Series - Chasing Dreams Season 2022 - Episode 2 A New Life Eng,2023.08.24 09:06:42,2023.08.24 09:39:06,Sport,TgrcoI2NoZ
HORIZON SPORTS,Golden Trail Series - Chasing Dreams Season 2022 - Episode 7 Strategic Decision Eng,2023.08.24 09:39:07,2023.08.24 10:18:00,Sport,TgrcoI2NoZ
HORIZON SPORTS,Golden Trail Series - Chasing Dreams Season 2022 - Episode 3 Mental Fight Eng,2023.08.24 10:18:01,2023.08.24 10:51:07,Sport,TgrcoI2NoZ
HORIZON SPORTS,The Outdoor Sports Show 2023 - Episode 6,2023.08.24 10:51:08,2023.08.24 11:18:11,Sport,TgrcoI2NoZ
HORIZON SPORTS,Golden Trail Series - Chasing Dreams Season 2022 - Episode 1 Keep Dreaming Eng,2023.08.24 11:18:12,2023.08.24 11:52:04,Sport,TgrcoI2NoZ
HORIZON SPORTS,Crewing And Pacing The 2022 Hardrock 100,2023.08.24 11:52:05,2023.08.24 12:45:01,Sport,TgrcoI2NoZ
HORIZON SPORTS,The Abbots Way Eng,2023.08.24 12:45:02,2023.08.24 13:25:01,Sport,TgrcoI2NoZ
HORIZON SPORTS,Golden Trail Series - Chasing Dreams Season 2022 - Episode 4 The Gin And The Tonic Eng,2023.08.24 13:25:02,2023.08.24 14:00:25,Sport,TgrcoI2NoZ
HORIZON SPORTS,Golden Trail World Series 2022 - The Final - Madeira Ocean Trails Eng,2023.08.24 14:00:26,2023.08.24 14:34:18,Sport,TgrcoI2NoZ
HORIZON SPORTS,Maxi Race 2023,2023.08.24 14:34:19,2023.08.24 14:42:18,Sport,TgrcoI2NoZ
HORIZON SPORTS,Marathon Des Sables 2023 0,2023.08.24 14:42:19,2023.08.24 14:45:25,Sport,TgrcoI2NoZ
HORIZON SPORTS,The Outdoor Sports Show 2022 - Episode 12,2023.08.24 14:45:26,2023.08.24 15:17:45,Sport,TgrcoI2NoZ
HORIZON SPORTS,Georgia On My Bike - Part 2 Eng,2023.08.24 15:17:46,2023.08.24 15:35:30,Sport,TgrcoI2NoZ
HORIZON SPORTS,Georgia On My Bike - Part 3 Eng,2023.08.24 15:35:31,2023.08.24 16:08:32,Sport,TgrcoI2NoZ
HORIZON SPORTS,The Outdoor Sports Show 2023 Episode 2,2023.08.24 16:08:33,2023.08.24 16:33:53,Sport,TgrcoI2NoZ
HORIZON SPORTS,The Abbots Way Eng,2023.08.24 16:33:54,2023.08.24 17:13:48,Sport,TgrcoI2NoZ
HORIZON SPORTS,Route Du Rhum 2022 - Full Summary Eng,2023.08.24 17:13:49,2023.08.24 18:18:49,Sport,TgrcoI2NoZ
HORIZON SPORTS,Marathon Des Sables 2023 3,2023.08.24 18:18:50,2023.08.24 18:25:31,Sport,TgrcoI2NoZ
HORIZON SPORTS,Backcountry Skiing At Mcgillivray Lodge Eng,2023.08.24 18:25:32,2023.08.24 19:04:53,Sport,TgrcoI2NoZ
HORIZON SPORTS,The Outdoor Sports Show 2023 - Episode 5,2023.08.24 19:04:54,2023.08.24 19:29:45,Sport,TgrcoI2NoZ
HORIZON SPORTS,Conquering The Vedder Eng,2023.08.24 19:29:46,2023.08.24 20:05:36,Sport,TgrcoI2NoZ
HORIZON SPORTS,Marathon Des Sables 2023 6,2023.08.24 20:05:37,2023.08.24 20:13:59,Sport,TgrcoI2NoZ
HORIZON SPORTS,Chapter 10  Traverse - Reflections On A Brutal Yet Beautiful Adventure,2023.08.24 20:14:00,2023.08.24 20:27:22,Sport,TgrcoI2NoZ
HORIZON SPORTS,Marathon Des Sables 2023 1,2023.08.24 20:27:23,2023.08.24 20:34:13,Sport,TgrcoI2NoZ
HORIZON SPORTS,The First Second - Geraldine Fasnacht,2023.08.24 20:34:14,2023.08.24 20:36:39,Sport,TgrcoI2NoZ
HORIZON SPORTS,Marathon Des Sables 2023 4,2023.08.24 20:36:40,2023.08.24 20:39:32,Sport,TgrcoI2NoZ
HORIZON SPORTS,Ungrounded Episode 4 - Sunny Stroeer,2023.08.24 20:39:33,2023.08.24 20:45:06,Sport,TgrcoI2NoZ
HORIZON SPORTS,Otztaler Radmarathon 2023,2023.08.24 20:45:07,2023.08.24 20:47:43,Sport,TgrcoI2NoZ
HORIZON SPORTS,Mediterranean Epic 2023 Eng,2023.08.24 20:47:44,2023.08.24 21:04:59,Sport,TgrcoI2NoZ
HORIZON SPORTS,Pedaler And Decouvrir Alba,2023.08.24 21:05:00,2023.08.24 21:36:03,Sport,TgrcoI2NoZ
HORIZON SPORTS,Tour Of Hellas 2023 Stage 2,2023.08.24 21:36:04,2023.08.24 22:06:48,Sport,TgrcoI2NoZ
HORIZON SPORTS,Freewheeling 2023 Ep.2 Strade Bianche Eng,2023.08.24 22:06:49,2023.08.24 22:56:26,Sport,TgrcoI2NoZ
HORIZON SPORTS,Race To The Rock,2023.08.24 22:56:27,2023.08.24 23:26:45,Sport,TgrcoI2NoZ
HORIZON SPORTS,Recon Chrono Climb Tarvisio-Lussari Giro DItalia 2023 Eng,2023.08.24 23:26:46,2023.08.24 23:58:23,Sport,TgrcoI2NoZ
HORIZON SPORTS,Nine Mountains,2023.08.24 23:58:24,2023.08.25 00:51:56,Sport,TgrcoI2NoZ
HORIZON SPORTS,Cape Epic 2023 Eng,2023.08.25 00:51:57,2023.08.25 01:57:15,Sport,TgrcoI2NoZ
HORIZON SPORTS,Freewheeling Ep.4 Giro DItalia Eng,2023.08.25 01:57:16,2023.08.25 02:31:33,Sport,TgrcoI2NoZ
HORIZON SPORTS,Mediterranean Epic 2022 Highlights,2023.08.25 02:31:34,2023.08.25 02:48:00,Sport,TgrcoI2NoZ
HORIZON SPORTS,Gwa Wingfoil World Cup 2022 - Brazil,2023.08.25 02:48:01,2023.08.25 03:21:49,Sport,TgrcoI2NoZ
HORIZON SPORTS,The Swimsmith,2023.08.25 03:21:50,2023.08.25 04:14:47,Sport,TgrcoI2NoZ
HORIZON SPORTS,Gwa Wingfoil World Cup 2023 New Zealand,2023.08.25 04:14:48,2023.08.25 04:32:02,Sport,TgrcoI2NoZ
HORIZON SPORTS,Visit Qatar Gka Freestyle Kite World Cup 2023,2023.08.25 04:32:03,2023.08.25 04:37:42,Sport,TgrcoI2NoZ
HORIZON SPORTS,Qatar Airways Gka Big Air Kite World Championships,2023.08.25 04:37:43,2023.08.25 04:54:22,Sport,TgrcoI2NoZ
HORIZON SPORTS,Gka Kite World Tour 2022,2023.08.25 04:54:23,2023.08.25 05:07:46,Sport,TgrcoI2NoZ
HORIZON SPORTS,Kite Masters 2022 - Episode 6,2023.08.25 05:07:47,2023.08.25 05:42:04,Sport,TgrcoI2NoZ
HORIZON SPORTS,Aliquam The Film,2023.08.25 05:42:05,2023.08.25 06:48:41,Sport,TgrcoI2NoZ
HORIZON SPORTS,Otilloswimrun Engadin 2023,2023.08.25 06:48:42,2023.08.25 06:53:50,Sport,TgrcoI2NoZ
HORIZON SPORTS,Kite Masters 2022 - Episode 5,2023.08.25 06:53:51,2023.08.25 07:25:55,Sport,TgrcoI2NoZ
HORIZON SPORTS,Birna. The Woman Who Swims In Ice,2023.08.25 07:25:56,2023.08.25 07:59:45,Sport,TgrcoI2NoZ
HORIZON SPORTS,Gwa Wingfoil World Tour Cabo Verde 2023,2023.08.25 07:59:46,2023.08.25 08:09:57,Sport,TgrcoI2NoZ
HORIZON SPORTS,European Freestyle Pro Tour 2023,2023.08.25 08:09:58,2023.08.25 08:18:55,Sport,TgrcoI2NoZ
HORIZON SPORTS,Lords Of Tram Gka Big-Air Kite World Cup France 2023,2023.08.25 08:18:56,2023.08.25 08:33:04,Sport,TgrcoI2NoZ
HORIZON SPORTS,The First Second - Samantha Davies,2023.08.25 08:33:05,2023.08.25 08:35:27,Sport,TgrcoI2NoZ
HORIZON SPORTS,Otilloswimrun Uto2023,2023.08.25 08:35:28,2023.08.25 08:39:23,Sport,TgrcoI2NoZ
HORIZON SPORTS,Otilloswimrun Cannes 2022 Official Film,2023.08.25 08:39:24,2023.08.25 08:46:32,Sport,TgrcoI2NoZ
HORIZON SPORTS,The First Second - Armel Le CleacH E,2023.08.25 08:46:33,2023.08.25 08:51:04,Sport,TgrcoI2NoZ
HORIZON SPORTS,Nine Mountains,2023.08.25 08:51:05,2023.08.25 09:46:55,Sport,TgrcoI2NoZ
HORIZON SPORTS,La Grande Odyssee 2023 - Best Of,2023.08.25 09:46:56,2023.08.25 09:59:59,Sport,TgrcoI2NoZ
HORIZON SPORTS,Freeride World Tour 2023 Ep4 Fieberbrunn Austria,2023.08.25 10:00:00,2023.08.25 10:19:33,Sport,TgrcoI2NoZ
HORIZON SPORTS,Backcountry Skiing At Mcgillivray Lodge Eng,2023.08.25 10:19:34,2023.08.25 10:59:15,Sport,TgrcoI2NoZ
HORIZON SPORTS,Freeride World Tour 2023 Rd2 Ordino Arcalis Andorra,2023.08.25 10:59:16,2023.08.25 11:20:32,Sport,TgrcoI2NoZ
HORIZON SPORTS,World Rookie Snowboard Finals 2023,2023.08.25 11:20:33,2023.08.25 11:23:41,Sport,TgrcoI2NoZ
HORIZON SPORTS,Margalef - Climbing,2023.08.25 11:23:42,2023.08.25 11:42:36,Sport,TgrcoI2NoZ
HORIZON SPORTS,Nepal - The Other Side Of Things,2023.08.25 11:42:37,2023.08.25 12:02:14,Sport,TgrcoI2NoZ
HORIZON SPORTS,Norvan Falls,2023.08.25 12:02:15,2023.08.25 12:10:16,Sport,TgrcoI2NoZ
HORIZON SPORTS,Freeride World Tour 2023 Rd1 Baqueira Beret Spain,2023.08.25 12:10:17,2023.08.25 12:29:54,Sport,TgrcoI2NoZ
HORIZON SPORTS,Julbo White Session Zermatt And Chamonix,2023.08.25 12:29:55,2023.08.25 12:45:03,Sport,TgrcoI2NoZ
HORIZON SPORTS,A Feather In The West,2023.08.25 12:45:04,2023.08.25 13:43:33,Sport,TgrcoI2NoZ
HORIZON SPORTS,Aussie 8,2023.08.25 13:43:34,2023.08.25 14:39:50,Sport,TgrcoI2NoZ
HORIZON SPORTS,World Rookie Freeski Finals 2023,2023.08.25 14:39:51,2023.08.25 14:44:25,Sport,TgrcoI2NoZ
HORIZON SPORTS,Engadin Ski Marathon 2023,2023.08.25 14:44:26,2023.08.25 14:49:01,Sport,TgrcoI2NoZ
HORIZON SPORTS,Otztaler Radmarathon 2023,2023.08.25 14:49:02,2023.08.25 14:54:02,Sport,TgrcoI2NoZ
HORIZON SPORTS,Golden Trail World Series 2022 - The Final - Madeira Ocean Trails Eng,2023.08.25 14:54:03,2023.08.25 15:27:43,Sport,TgrcoI2NoZ
HORIZON SPORTS,Golden Trail Series - Chasing Dreams Season 2022 - Episode 3 Mental Fight Eng,2023.08.25 15:27:44,2023.08.25 16:02:57,Sport,TgrcoI2NoZ
HORIZON SPORTS,Fastpacking The Tour Du Mont Blanc Eng,2023.08.25 16:02:58,2023.08.25 17:37:53,Sport,TgrcoI2NoZ
HORIZON SPORTS,Galaverna Winter Trail Race 2023,2023.08.25 17:37:54,2023.08.25 17:54:22,Sport,TgrcoI2NoZ
HORIZON SPORTS,Super League Triathlon Arena Games 2023 Sursee Part 2,2023.08.25 17:54:23,2023.08.25 19:25:28,Sport,TgrcoI2NoZ
HORIZON SPORTS,Golden Trail Series - Chasing Dreams Season 2022 - Episode 1 Keep Dreaming Eng,2023.08.25 19:25:29,2023.08.25 19:59:04,Sport,TgrcoI2NoZ
HORIZON SPORTS,The Outdoor Sports Show 2023 - Episode 7,2023.08.25 19:59:05,2023.08.25 20:23:59,Sport,TgrcoI2NoZ
HORIZON SPORTS,Golden Trail World Series 2022 - Zegama Eng,2023.08.25 20:24:00,2023.08.25 20:56:56,Sport,TgrcoI2NoZ
HORIZON SPORTS,Discovering South Korea By Bike,2023.08.25 20:56:57,2023.08.25 22:01:31,Sport,TgrcoI2NoZ
HORIZON SPORTS,The Outdoor Sports Show 2023 Episode 2,2023.08.25 22:01:32,2023.08.25 22:24:58,Sport,TgrcoI2NoZ
HORIZON SPORTS,Sunshine Coast Trail - Fastpacking 115 Km In 3 Days,2023.08.25 22:24:59,2023.08.25 22:50:55,Sport,TgrcoI2NoZ
HORIZON SPORTS,Georgia On My Bike - Part 3 Eng,2023.08.25 22:50:56,2023.08.25 23:24:02,Sport,TgrcoI2NoZ
HORIZON SPORTS,The Outdoor Sports Show 2023 Episode 3,2023.08.25 23:24:03,2023.08.25 23:45:32,Sport,TgrcoI2NoZ
HORIZON SPORTS,Marathon Des Sables 2023 4,2023.08.25 23:45:33,2023.08.25 23:50:34,Sport,TgrcoI2NoZ
HORIZON SPORTS,The Outdoor Sports Show 2023 Episode 4,2023.08.25 23:50:35,2023.08.26 00:22:52,Sport,TgrcoI2NoZ
HORIZON SPORTS,A Feather In The West,2023.08.26 00:22:53,2023.08.26 01:21:11,Sport,TgrcoI2NoZ
HORIZON SPORTS,The Outdoor Sports Show 2023 Episode 1,2023.08.26 01:21:12,2023.08.26 01:53:22,Sport,TgrcoI2NoZ
HORIZON SPORTS,Marathon Des Sables 2023 0,2023.08.26 01:53:23,2023.08.26 01:56:29,Sport,TgrcoI2NoZ
HORIZON SPORTS,Georgia On My Bike - Part 2 Eng,2023.08.26 01:56:30,2023.08.26 02:14:23,Sport,TgrcoI2NoZ
HORIZON SPORTS,The Outdoor Sports Show 2023 - Episode 5,2023.08.26 02:14:24,2023.08.26 02:41:14,Sport,TgrcoI2NoZ
HORIZON SPORTS,Raid Amazones Sri Lanka 03 2023,2023.08.26 02:41:15,2023.08.26 02:46:25,Sport,TgrcoI2NoZ
HORIZON SPORTS,Marathon Des Sables 2023 6,2023.08.26 02:46:26,2023.08.26 02:54:47,Sport,TgrcoI2NoZ
HORIZON SPORTS,The First Second - Geraldine Fasnacht,2023.08.26 02:54:48,2023.08.26 03:00:12,Sport,TgrcoI2NoZ
HORIZON SPORTS,Mediterranean Epic 2022 Highlights,2023.08.26 03:00:13,2023.08.26 03:15:56,Sport,TgrcoI2NoZ
HORIZON SPORTS,Mediterranean Epic 2023 Eng,2023.08.26 03:15:57,2023.08.26 03:32:59,Sport,TgrcoI2NoZ
HORIZON SPORTS,Tour Of Hellas 2023 Stage 4,2023.08.26 03:33:00,2023.08.26 04:03:35,Sport,TgrcoI2NoZ
HORIZON SPORTS,Tour Of Hellas 2023 Stage 3,2023.08.26 04:03:36,2023.08.26 04:34:36,Sport,TgrcoI2NoZ
HORIZON SPORTS,Nine Mountains,2023.08.26 04:34:37,2023.08.26 05:28:11,Sport,TgrcoI2NoZ
HORIZON SPORTS,More Than Miles,2023.08.26 05:28:12,2023.08.26 06:24:41,Sport,TgrcoI2NoZ
HORIZON SPORTS,Unbreakable,2023.08.26 06:24:42,2023.08.26 07:38:36,Sport,TgrcoI2NoZ
HORIZON SPORTS,Cape Epic 2023 Eng,2023.08.26 07:38:37,2023.08.26 08:42:00,Sport,TgrcoI2NoZ
HORIZON SPORTS,Otztaler Radmarathon 2023,2023.08.26 08:42:01,2023.08.26 08:46:37,Sport,TgrcoI2NoZ
HORIZON SPORTS,Algarve Bike Challenge 2022,2023.08.26 08:46:38,2023.08.26 09:02:30,Sport,TgrcoI2NoZ
HORIZON SPORTS,Gka Freestyle-Kite World Cup Colombia 2023,2023.08.26 09:02:31,2023.08.26 09:24:15,Sport,TgrcoI2NoZ
HORIZON SPORTS,Otilloswimrun Engadin 2023,2023.08.26 09:24:16,2023.08.26 09:29:20,Sport,TgrcoI2NoZ
HORIZON SPORTS,Kite Masters 2022 - Episode 6,2023.08.26 09:29:21,2023.08.26 10:01:22,Sport,TgrcoI2NoZ
HORIZON SPORTS,Tour Of The Islands Of Southern Brittany,2023.08.26 10:01:23,2023.08.26 10:33:44,Sport,TgrcoI2NoZ
HORIZON SPORTS,All The Way Eng,2023.08.26 10:33:45,2023.08.26 11:50:39,Sport,TgrcoI2NoZ
HORIZON SPORTS,The First Second - Armel Le CleacH E,2023.08.26 11:50:40,2023.08.26 11:52:48,Sport,TgrcoI2NoZ
HORIZON SPORTS,European Freestyle Pro Tour Austria 2022,2023.08.26 11:52:49,2023.08.26 11:56:36,Sport,TgrcoI2NoZ
HORIZON SPORTS,Otilloswimrun Cannes 2022 Official Film,2023.08.26 11:56:37,2023.08.26 12:03:36,Sport,TgrcoI2NoZ
HORIZON SPORTS,Visit Qatar Gka Freestyle Kite World Cup 2023,2023.08.26 12:03:37,2023.08.26 12:11:16,Sport,TgrcoI2NoZ
HORIZON SPORTS,European Freestyle Pro Tour 2023,2023.08.26 12:11:17,2023.08.26 12:20:08,Sport,TgrcoI2NoZ
HORIZON SPORTS,Gka Kite World Tour 2022,2023.08.26 12:20:09,2023.08.26 12:33:32,Sport,TgrcoI2NoZ
HORIZON SPORTS,Route Du Rhum 2022 - Full Summary Eng,2023.08.26 12:33:33,2023.08.26 13:40:34,Sport,TgrcoI2NoZ
HORIZON SPORTS,Qatar Airways Gka Big Air Kite World Championships,2023.08.26 13:40:35,2023.08.26 13:55:10,Sport,TgrcoI2NoZ
HORIZON SPORTS,Birna. The Woman Who Swims In Ice,2023.08.26 13:55:11,2023.08.26 14:30:56,Sport,TgrcoI2NoZ
HORIZON SPORTS,Gka Kite World Tour 2022 - Neom,2023.08.26 14:30:57,2023.08.26 14:47:17,Sport,TgrcoI2NoZ
HORIZON SPORTS,Lords Of Tram Gka Big-Air Kite World Cup France 2023,2023.08.26 14:47:18,2023.08.26 15:04:42,Sport,TgrcoI2NoZ
HORIZON SPORTS,Nightmare Climbs - Jafferau Eng,2023.08.26 15:04:43,2023.08.26 15:16:31,Sport,TgrcoI2NoZ
HORIZON SPORTS,Freeride World Tour 2023 Ep4 Fieberbrunn Austria,2023.08.26 15:16:32,2023.08.26 15:36:03,Sport,TgrcoI2NoZ
HORIZON SPORTS,Dobbiaco - Cortina Cross Country Race 2022,2023.08.26 15:36:04,2023.08.26 16:08:23,Sport,TgrcoI2NoZ
HORIZON SPORTS,Freeride World Tour 2023 Rd2 Ordino Arcalis Andorra,2023.08.26 16:08:24,2023.08.26 16:29:40,Sport,TgrcoI2NoZ
HORIZON SPORTS,Margalef - Climbing,2023.08.26 16:29:41,2023.08.26 16:48:45,Sport,TgrcoI2NoZ
HORIZON SPORTS,Aussie 8,2023.08.26 16:48:46,2023.08.26 17:45:20,Sport,TgrcoI2NoZ
HORIZON SPORTS,Nepal - The Other Side Of Things,2023.08.26 17:45:21,2023.08.26 18:02:40,Sport,TgrcoI2NoZ
HORIZON SPORTS,A Feather In The West,2023.08.26 18:02:41,2023.08.26 19:00:52,Sport,TgrcoI2NoZ
HORIZON SPORTS,Backcountry Skiing At Mcgillivray Lodge Eng,2023.08.26 19:00:53,2023.08.26 19:40:24,Sport,TgrcoI2NoZ
HORIZON SPORTS,Julbo White Session Zermatt And Chamonix,2023.08.26 19:40:25,2023.08.26 19:57:42,Sport,TgrcoI2NoZ
HORIZON SPORTS,Lekkarod 2022 V. Int,2023.08.26 19:57:43,2023.08.26 20:22:25,Sport,TgrcoI2NoZ
HORIZON SPORTS,Freeride World Tour 2023 Rd1 Baqueira Beret Spain,2023.08.26 20:22:26,2023.08.26 20:42:19,Sport,TgrcoI2NoZ
HORIZON SPORTS,World Rookie Snowboard Finals 2023,2023.08.26 20:42:20,2023.08.26 20:47:37,Sport,TgrcoI2NoZ
HORIZON SPORTS,World Rookie Freeski Finals 2023,2023.08.26 20:47:38,2023.08.26 20:52:11,Sport,TgrcoI2NoZ
HORIZON SPORTS,Nightmare Climbs - San Pantaleon Eng,2023.08.26 20:52:12,2023.08.26 21:07:51,Sport,TgrcoI2NoZ
HORIZON SPORTS,Golden Trail Series - Chasing Dreams Season 2022 - Episode 7 Strategic Decision Eng,2023.08.26 21:07:52,2023.08.26 21:47:01,Sport,TgrcoI2NoZ
HORIZON SPORTS,Marathon Des Sables 2023 0,2023.08.26 21:47:02,2023.08.26 21:52:16,Sport,TgrcoI2NoZ
HORIZON SPORTS,The Outdoor Sports Show 2023 - Episode 5,2023.08.26 21:52:17,2023.08.26 22:17:04,Sport,TgrcoI2NoZ
HORIZON SPORTS,Inside My Borders - Sicily Eng,2023.08.26 22:17:05,2023.08.26 23:09:15,Sport,TgrcoI2NoZ
HORIZON SPORTS,The Outdoor Sports Show 2023 - Episode 7,2023.08.26 23:09:16,2023.08.26 23:34:08,Sport,TgrcoI2NoZ
HORIZON SPORTS,Super League Triathlon Arena Games 2023 London Men,2023.08.26 23:34:09,2023.08.27 01:05:39,Sport,TgrcoI2NoZ
HORIZON SPORTS,Golden Trail World Series 2022 - Zegama Eng,2023.08.27 01:05:40,2023.08.27 01:35:51,Sport,TgrcoI2NoZ
HORIZON SPORTS,Super League Triathlon Arena Games 2023 London Women,2023.08.27 01:35:52,2023.08.27 03:11:05,Sport,TgrcoI2NoZ
HORIZON SPORTS,Conquering The Vedder Eng,2023.08.27 03:11:06,2023.08.27 03:46:42,Sport,TgrcoI2NoZ
HORIZON SPORTS,A Desert Skiing Epic. Xcss01 Sahara 2022,2023.08.27 03:46:43,2023.08.27 04:19:06,Sport,TgrcoI2NoZ
HORIZON SPORTS,The Outdoor Sports Show 2023 - Episode 5,2023.08.27 04:19:07,2023.08.27 04:46:06,Sport,TgrcoI2NoZ
HORIZON SPORTS,Georgia On My Bike - Part 2 Eng,2023.08.27 04:46:07,2023.08.27 05:01:51,Sport,TgrcoI2NoZ
HORIZON SPORTS,Marathon Des Sables 2023 0,2023.08.27 05:01:52,2023.08.27 05:06:59,Sport,TgrcoI2NoZ
HORIZON SPORTS,The Outdoor Sports Show 2023 Episode 2,2023.08.27 05:07:00,2023.08.27 05:30:28,Sport,TgrcoI2NoZ
HORIZON SPORTS,Marathon Des Sables 2023 4,2023.08.27 05:30:29,2023.08.27 05:33:20,Sport,TgrcoI2NoZ
HORIZON SPORTS,Marathon Des Sables 2023 7,2023.08.27 05:33:21,2023.08.27 05:37:56,Sport,TgrcoI2NoZ
HORIZON SPORTS,The Abbots Way Eng,2023.08.27 05:37:57,2023.08.27 06:17:54,Sport,TgrcoI2NoZ
HORIZON SPORTS,Adventure Racing World Series 2022 - Panama,2023.08.27 06:17:55,2023.08.27 07:22:23,Sport,TgrcoI2NoZ
HORIZON SPORTS,The Outdoor Sports Show 2023 - Episode 6,2023.08.27 07:22:24,2023.08.27 07:49:31,Sport,TgrcoI2NoZ
HORIZON SPORTS,The Outdoor Sports Show 2023 Episode 3,2023.08.27 07:49:32,2023.08.27 08:11:01,Sport,TgrcoI2NoZ
HORIZON SPORTS,Sunshine Coast Trail - Fastpacking 115 Km In 3 Days,2023.08.27 08:11:02,2023.08.27 08:37:10,Sport,TgrcoI2NoZ
HORIZON SPORTS,The First Second - Geraldine Fasnacht,2023.08.27 08:37:11,2023.08.27 08:39:36,Sport,TgrcoI2NoZ
HORIZON SPORTS,The Outdoor Sports Show 2023 Episode 1,2023.08.27 08:39:37,2023.08.27 09:14:10,Sport,TgrcoI2NoZ
HORIZON SPORTS,Cape Epic 2022,2023.08.27 09:14:11,2023.08.27 10:11:32,Sport,TgrcoI2NoZ
HORIZON SPORTS,Unbreakable,2023.08.27 10:11:33,2023.08.27 11:25:43,Sport,TgrcoI2NoZ
HORIZON SPORTS,The First Second - Jerome Clementz,2023.08.27 11:25:44,2023.08.27 11:27:56,Sport,TgrcoI2NoZ
HORIZON SPORTS,Swiss Epic 2022,2023.08.27 11:27:57,2023.08.27 11:51:25,Sport,TgrcoI2NoZ
HORIZON SPORTS,LEroica 2022,2023.08.27 11:51:26,2023.08.27 11:57:46,Sport,TgrcoI2NoZ
HORIZON SPORTS,Race To The Rock,2023.08.27 11:57:47,2023.08.27 12:27:58,Sport,TgrcoI2NoZ
HORIZON SPORTS,Tour Of Hellas 2023 Prologue,2023.08.27 12:27:59,2023.08.27 12:58:26,Sport,TgrcoI2NoZ
HORIZON SPORTS,Cape Epic 2023 Eng,2023.08.27 12:58:27,2023.08.27 14:04:09,Sport,TgrcoI2NoZ
HORIZON SPORTS,Nightmare Climbs - San Pantaleon Eng,2023.08.27 14:04:10,2023.08.27 14:15:19,Sport,TgrcoI2NoZ
HORIZON SPORTS,Freewheeling 2023 Ep.2 Strade Bianche Eng,2023.08.27 14:15:20,2023.08.27 15:04:41,Sport,TgrcoI2NoZ
HORIZON SPORTS,The First Second - Sam Anthamatten,2023.08.27 15:04:42,2023.08.27 15:07:41,Sport,TgrcoI2NoZ
HORIZON SPORTS,Otztaler Radmarathon 2023,2023.08.27 15:07:42,2023.08.27 15:10:18,Sport,TgrcoI2NoZ
HORIZON SPORTS,The First Second - Jerome Clementz,2023.08.27 15:10:19,2023.08.27 15:17:13,Sport,TgrcoI2NoZ
HORIZON SPORTS,European Freestyle Pro Tour 2023,2023.08.27 15:17:14,2023.08.27 15:26:04,Sport,TgrcoI2NoZ
HORIZON SPORTS,Hugo And Max - The Grand Slam,2023.08.27 15:26:05,2023.08.27 16:01:58,Sport,TgrcoI2NoZ
HORIZON SPORTS,Otilloswimrun Cannes 2022 Official Film,2023.08.27 16:01:59,2023.08.27 16:09:07,Sport,TgrcoI2NoZ
HORIZON SPORTS,Kite Masters 2022 - Episode 6,2023.08.27 16:09:08,2023.08.27 16:41:35,Sport,TgrcoI2NoZ
HORIZON SPORTS,Moana Waiwai - The Film,2023.08.27 16:41:36,2023.08.27 17:10:03,Sport,TgrcoI2NoZ
HORIZON SPORTS,Gwa Wingfoil World Tour Cabo Verde 2023,2023.08.27 17:10:04,2023.08.27 17:20:06,Sport,TgrcoI2NoZ
HORIZON SPORTS,Kite Masters 2022 - Episode 5,2023.08.27 17:20:07,2023.08.27 17:52:19,Sport,TgrcoI2NoZ
HORIZON SPORTS,Gka Freestyle-Kite World Cup 2022 Final,2023.08.27 17:52:20,2023.08.27 18:09:54,Sport,TgrcoI2NoZ
HORIZON SPORTS,European Freestyle Pro Tour Austria 2022,2023.08.27 18:09:55,2023.08.27 18:13:41,Sport,TgrcoI2NoZ
HORIZON SPORTS,Gwa Wingfoil World Cup 2022 - Brazil,2023.08.27 18:13:42,2023.08.27 18:47:22,Sport,TgrcoI2NoZ
HORIZON SPORTS,Qatar Airways Gka Big Air Kite World Championships,2023.08.27 18:47:23,2023.08.27 19:02:06,Sport,TgrcoI2NoZ
HORIZON SPORTS,All The Way Eng,2023.08.27 19:02:07,2023.08.27 20:19:24,Sport,TgrcoI2NoZ
HORIZON SPORTS,Birna. The Woman Who Swims In Ice,2023.08.27 20:19:25,2023.08.27 20:52:58,Sport,TgrcoI2NoZ
HORIZON SPORTS,Gwa Wingfoil World Cup 2023 New Zealand,2023.08.27 20:52:59,2023.08.27 21:10:15,Sport,TgrcoI2NoZ
HORIZON SPORTS,Otilloswimrun Engadin 2023,2023.08.27 21:10:16,2023.08.27 21:13:15,Sport,TgrcoI2NoZ
HORIZON SPORTS,The First Second - Samantha Davies,2023.08.27 21:13:16,2023.08.27 21:15:38,Sport,TgrcoI2NoZ
HORIZON SPORTS,The First Second - Armel Le CleacH E,2023.08.27 21:15:39,2023.08.27 21:20:27,Sport,TgrcoI2NoZ
HORIZON SPORTS,Running The Loowit Trail On Mt St Helens,2023.08.27 21:20:28,2023.08.27 21:25:57,Sport,TgrcoI2NoZ
HORIZON SPORTS,Backcountry Skiing At Mcgillivray Lodge Eng,2023.08.27 21:25:58,2023.08.27 22:05:40,Sport,TgrcoI2NoZ
HORIZON SPORTS,Freeride World Tour 2023 Rd2 Ordino Arcalis Andorra,2023.08.27 22:05:41,2023.08.27 22:27:03,Sport,TgrcoI2NoZ
HORIZON SPORTS,Julbo White Session Zermatt And Chamonix,2023.08.27 22:27:04,2023.08.27 22:44:14,Sport,TgrcoI2NoZ
HORIZON SPORTS,Summiting Mt Sneffels In Colorado Eng,2023.08.27 22:44:15,2023.08.27 23:01:44,Sport,TgrcoI2NoZ
HORIZON SPORTS,La Grande Odyssee 2023 - Best Of,2023.08.27 23:01:45,2023.08.27 23:14:47,Sport,TgrcoI2NoZ
HORIZON SPORTS,Norvan Falls,2023.08.27 23:14:48,2023.08.27 23:22:47,Sport,TgrcoI2NoZ
HORIZON SPORTS,La Grande Odyssee 2022,2023.08.27 23:22:48,2023.08.27 23:36:05,Sport,TgrcoI2NoZ
HORIZON SPORTS,Lekkarod 2022 V. Int,2023.08.27 23:36:06,2023.08.28 00:02:53,Sport,TgrcoI2NoZ
HORIZON SPORTS,World Rookie Snowboard Finals 2023,2023.08.28 00:02:54,2023.08.28 00:06:02,Sport,TgrcoI2NoZ
HORIZON SPORTS,A Feather In The West,2023.08.28 00:06:03,2023.08.28 01:04:25,Sport,TgrcoI2NoZ
HORIZON SPORTS,Engadin Ski Marathon 2023,2023.08.28 01:04:26,2023.08.28 01:06:58,Sport,TgrcoI2NoZ
HORIZON SPORTS,Dobbiaco - Cortina Cross Country Race 2022,2023.08.28 01:06:59,2023.08.28 01:41:18,Sport,TgrcoI2NoZ
HORIZON SPORTS,Skiing China Exploring Altai Mountains,2023.08.28 01:41:19,2023.08.28 01:59:59,Sport,TgrcoI2NoZ
HORIZON SPORTS,Wizz Air Cardiff Half Marathon 2022,2023.08.28 02:00:00,2023.08.28 02:32:06,Sport,TgrcoI2NoZ
HORIZON SPORTS,Trail Menorca 2023,2023.08.28 02:32:07,2023.08.28 03:04:32,Sport,TgrcoI2NoZ
HORIZON SPORTS,Super League Triathlon Arena Games 2023 London Men,2023.08.28 03:04:33,2023.08.28 04:35:39,Sport,TgrcoI2NoZ
HORIZON SPORTS,Golden Trail World Series 2023 Episode 1 Zegama,2023.08.28 04:35:40,2023.08.28 05:05:14,Sport,TgrcoI2NoZ
HORIZON SPORTS,Inside Utmb 2022,2023.08.28 05:05:15,2023.08.28 06:49:50,Sport,TgrcoI2NoZ
HORIZON SPORTS,Galaverna Winter Trail Race 2023,2023.08.28 06:49:51,2023.08.28 07:06:18,Sport,TgrcoI2NoZ
HORIZON SPORTS,Golden Trail World Series 2022 - The Final - Madeira Ocean Trails Eng,2023.08.28 07:06:19,2023.08.28 07:40:09,Sport,TgrcoI2NoZ
HORIZON SPORTS,Ungrounded Episode 3 - Meredith Edwards,2023.08.28 07:40:10,2023.08.28 07:45:42,Sport,TgrcoI2NoZ
HORIZON SPORTS,Maxi Race 2023,2023.08.28 07:45:43,2023.08.28 07:48:17,Sport,TgrcoI2NoZ
HORIZON SPORTS,Salomon Community Run New Caledonia,2023.08.28 07:48:18,2023.08.28 08:02:59,Sport,TgrcoI2NoZ
HORIZON SPORTS,Otilloswimrun Engadin 2023,2023.08.28 08:03:00,2023.08.28 08:08:01,Sport,TgrcoI2NoZ
HORIZON SPORTS,European Freestyle Pro Tour Austria 2022,2023.08.28 08:08:02,2023.08.28 08:11:48,Sport,TgrcoI2NoZ
HORIZON SPORTS,Qatar Airways Gka Big Air Kite World Championships,2023.08.28 08:11:49,2023.08.28 08:28:41,Sport,TgrcoI2NoZ
HORIZON SPORTS,Otilloswimrun Gothenburg 2023,2023.08.28 08:28:42,2023.08.28 08:32:55,Sport,TgrcoI2NoZ
HORIZON SPORTS,Gka Freestyle-Kite World Cup Colombia 2023,2023.08.28 08:32:56,2023.08.28 08:56:55,Sport,TgrcoI2NoZ
HORIZON SPORTS,Gka Kite World Tour 2022 - Neom,2023.08.28 08:56:56,2023.08.28 09:13:17,Sport,TgrcoI2NoZ
HORIZON SPORTS,Coolangatta Gold 2022,2023.08.28 09:13:18,2023.08.28 10:15:00,Sport,TgrcoI2NoZ
HORIZON SPORTS,European Freestyle Pro Tour 2023,2023.08.28 10:15:01,2023.08.28 10:23:58,Sport,TgrcoI2NoZ
HORIZON SPORTS,The Swimsmith,2023.08.28 10:23:59,2023.08.28 11:19:08,Sport,TgrcoI2NoZ
HORIZON SPORTS,Birna. The Woman Who Swims In Ice,2023.08.28 11:19:09,2023.08.28 11:52:55,Sport,TgrcoI2NoZ
HORIZON SPORTS,Lords Of Tram Gka Big-Air Kite World Cup France 2023,2023.08.28 11:52:56,2023.08.28 12:05:12,Sport,TgrcoI2NoZ
HORIZON SPORTS,Moana Waiwai - The Film,2023.08.28 12:05:13,2023.08.28 12:33:31,Sport,TgrcoI2NoZ
HORIZON SPORTS,Hugo And Max - The Grand Slam,2023.08.28 12:33:32,2023.08.28 13:11:22,Sport,TgrcoI2NoZ
HORIZON SPORTS,Otilloswimrun Uto2023,2023.08.28 13:11:23,2023.08.28 13:15:18,Sport,TgrcoI2NoZ
HORIZON SPORTS,Visit Qatar Gka Freestyle Kite World Cup 2023,2023.08.28 13:15:19,2023.08.28 13:23:00,Sport,TgrcoI2NoZ
HORIZON SPORTS,Kite Masters 2022 - Episode 5,2023.08.28 13:23:01,2023.08.28 13:55:16,Sport,TgrcoI2NoZ
HORIZON SPORTS,The First Second - Armel Le CleacH E,2023.08.28 13:55:17,2023.08.28 13:59:29,Sport,TgrcoI2NoZ
HORIZON SPORTS,Otilloswimrun Cannes 2022 Official Film,2023.08.28 13:59:30,2023.08.28 14:06:49,Sport,TgrcoI2NoZ
HORIZON SPORTS,Freeride World Tour 2023 Ep4 Fieberbrunn Austria,2023.08.28 14:06:50,2023.08.28 14:26:23,Sport,TgrcoI2NoZ
HORIZON SPORTS,Skiing China Exploring Altai Mountains,2023.08.28 14:26:24,2023.08.28 14:56:27,Sport,TgrcoI2NoZ
HORIZON SPORTS,Backcountry Skiing At Mcgillivray Lodge Eng,2023.08.28 14:56:28,2023.08.28 15:36:15,Sport,TgrcoI2NoZ
HORIZON SPORTS,Lekkarod 2022 V. Int,2023.08.28 15:36:16,2023.08.28 16:03:06,Sport,TgrcoI2NoZ
HORIZON SPORTS,Norvan Falls,2023.08.28 16:03:07,2023.08.28 16:09:06,Sport,TgrcoI2NoZ
HORIZON SPORTS,Julbo White Session Zermatt And Chamonix,2023.08.28 16:09:07,2023.08.28 16:26:17,Sport,TgrcoI2NoZ
HORIZON SPORTS,Nine Mountains,2023.08.28 16:26:18,2023.08.28 17:20:05,Sport,TgrcoI2NoZ
HORIZON SPORTS,Nightmare Climbs - San Pantaleon Eng,2023.08.28 17:20:06,2023.08.28 17:31:18,Sport,TgrcoI2NoZ
HORIZON SPORTS,Freeride World Tour 2023 Rd2 Ordino Arcalis Andorra,2023.08.28 17:31:19,2023.08.28 17:54:44,Sport,TgrcoI2NoZ
HORIZON SPORTS,La Grande Odyssee 2022,2023.08.28 17:54:45,2023.08.28 18:08:06,Sport,TgrcoI2NoZ
HORIZON SPORTS,World Rookie Snowboard Finals 2023,2023.08.28 18:08:07,2023.08.28 18:11:16,Sport,TgrcoI2NoZ
HORIZON SPORTS,A Feather In The West,2023.08.28 18:11:17,2023.08.28 19:09:44,Sport,TgrcoI2NoZ
HORIZON SPORTS,Nepal - The Other Side Of Things,2023.08.28 19:09:45,2023.08.28 19:29:14,Sport,TgrcoI2NoZ
HORIZON SPORTS,Freeride World Tour 2023 Rd1 Baqueira Beret Spain,2023.08.28 19:29:15,2023.08.28 19:49:02,Sport,TgrcoI2NoZ
HORIZON SPORTS,Nightmare Climbs - Jafferau Eng,2023.08.28 19:49:03,2023.08.28 20:00:58,Sport,TgrcoI2NoZ
HORIZON SPORTS,World Rookie Freeski Finals 2023,2023.08.28 20:00:59,2023.08.28 20:10:32,Sport,TgrcoI2NoZ
HORIZON SPORTS,Ungrounded Episode 3 - Meredith Edwards,2023.08.28 20:10:33,2023.08.28 20:14:01,Sport,TgrcoI2NoZ
HORIZON SPORTS,Crewing And Pacing The 2022 Hardrock 100,2023.08.28 20:14:02,2023.08.28 21:09:03,Sport,TgrcoI2NoZ
HORIZON SPORTS,Malaysia Mountain Trail Festival 2022,2023.08.28 21:09:04,2023.08.28 21:45:22,Sport,TgrcoI2NoZ
HORIZON SPORTS,World Triathlon Para Series 2023,2023.08.28 21:45:23,2023.08.28 22:20:07,Sport,TgrcoI2NoZ
HORIZON SPORTS,Super League Triathlon Arena Games 2023 Sursee Part 2,2023.08.28 22:20:08,2023.08.28 23:51:44,Sport,TgrcoI2NoZ
HORIZON SPORTS,Inside Utmb 2022,2023.08.28 23:51:45,2023.08.29 01:35:57,Sport,TgrcoI2NoZ
HORIZON SPORTS,Trans Atlas Marathon Eng,2023.08.29 01:35:58,2023.08.29 02:03:59,Sport,TgrcoI2NoZ
HORIZON SPORTS,Maxi Race 2023,2023.08.29 02:04:00,2023.08.29 02:06:35,Sport,TgrcoI2NoZ
HORIZON SPORTS,Marathon Des Sables 2023 0,2023.08.29 02:06:36,2023.08.29 02:13:52,Sport,TgrcoI2NoZ
HORIZON SPORTS,Marathon Des Sables 2023 4,2023.08.29 02:13:53,2023.08.29 02:16:44,Sport,TgrcoI2NoZ
HORIZON SPORTS,Route Du Rhum 2022 - Full Summary Eng,2023.08.29 02:16:45,2023.08.29 03:21:40,Sport,TgrcoI2NoZ
HORIZON SPORTS,Moana Waiwai - The Film,2023.08.29 03:21:41,2023.08.29 03:49:52,Sport,TgrcoI2NoZ
HORIZON SPORTS,Ungrounded Episode 4 - Sunny Stroeer,2023.08.29 03:49:53,2023.08.29 03:55:14,Sport,TgrcoI2NoZ
HORIZON SPORTS,Marathon Des Sables 2023 1,2023.08.29 03:55:15,2023.08.29 03:59:57,Sport,TgrcoI2NoZ
HORIZON SPORTS,Rwanda Congo Uganda Bike Adventure - Part 1,2023.08.29 03:59:58,2023.08.29 04:18:47,Sport,TgrcoI2NoZ
HORIZON SPORTS,Marathon Des Sables 2023 3,2023.08.29 04:18:48,2023.08.29 04:25:30,Sport,TgrcoI2NoZ
HORIZON SPORTS,Backcountry Skiing At Mcgillivray Lodge Eng,2023.08.29 04:25:31,2023.08.29 05:05:12,Sport,TgrcoI2NoZ
HORIZON SPORTS,A Feather In The West,2023.08.29 05:05:13,2023.08.29 06:01:20,Sport,TgrcoI2NoZ
HORIZON SPORTS,A Desert Skiing Epic. Xcss01 Sahara 2022,2023.08.29 06:01:21,2023.08.29 06:35:59,Sport,TgrcoI2NoZ
HORIZON SPORTS,Sunshine Coast Trail - Fastpacking 115 Km In 3 Days,2023.08.29 06:36:00,2023.08.29 06:59:58,Sport,TgrcoI2NoZ
HORIZON SPORTS,Marathon Des Sables 2023 - The Film,2023.08.29 06:59:59,2023.08.29 08:00:25,Sport,TgrcoI2NoZ
HORIZON SPORTS,Marathon Des Sables 2023 6,2023.08.29 08:00:26,2023.08.29 08:08:47,Sport,TgrcoI2NoZ
HORIZON SPORTS,Marathon Des Sables 2023 7,2023.08.29 08:08:48,2023.08.29 08:11:21,Sport,TgrcoI2NoZ
HORIZON SPORTS,The First Second - Geraldine Fasnacht,2023.08.29 08:11:22,2023.08.29 08:16:16,Sport,TgrcoI2NoZ
HORIZON SPORTS,Unbreakable,2023.08.29 08:16:17,2023.08.29 09:30:18,Sport,TgrcoI2NoZ
HORIZON SPORTS,The First Second - Sam Anthamatten,2023.08.29 09:30:19,2023.08.29 09:33:18,Sport,TgrcoI2NoZ
HORIZON SPORTS,A Colombian Mountain Jungle Adventure,2023.08.29 09:33:19,2023.08.29 10:33:03,Sport,TgrcoI2NoZ
HORIZON SPORTS,Tour Of Hellas 2023 Stage 1,2023.08.29 10:33:04,2023.08.29 11:03:20,Sport,TgrcoI2NoZ
HORIZON SPORTS,Titan Desert Morocco 2020,2023.08.29 11:03:21,2023.08.29 11:37:32,Sport,TgrcoI2NoZ
HORIZON SPORTS,Freewheeling 2023 Ep.2 Strade Bianche Eng,2023.08.29 11:37:33,2023.08.29 12:25:17,Sport,TgrcoI2NoZ
HORIZON SPORTS,Tour Of Hellas 2023,2023.08.29 12:25:18,2023.08.29 13:21:42,Sport,TgrcoI2NoZ
HORIZON SPORTS,Freewheeling 2023 Ep.3 Tour Of Flanders Eng,2023.08.29 13:21:43,2023.08.29 14:03:48,Sport,TgrcoI2NoZ
HORIZON SPORTS,Nightmare Climbs - San Pantaleon Eng,2023.08.29 14:03:49,2023.08.29 14:19:11,Sport,TgrcoI2NoZ
HORIZON SPORTS,Otilloswimrun Engadin 2023,2023.08.29 14:19:12,2023.08.29 14:24:20,Sport,TgrcoI2NoZ
HORIZON SPORTS,Gwa Wingfoil World Cup 2023 New Zealand,2023.08.29 14:24:21,2023.08.29 14:39:27,Sport,TgrcoI2NoZ
HORIZON SPORTS,European Freestyle Pro Tour Austria 2022,2023.08.29 14:39:28,2023.08.29 14:45:15,Sport,TgrcoI2NoZ
HORIZON SPORTS,The First Second - Samantha Davies,2023.08.29 14:45:16,2023.08.29 14:47:38,Sport,TgrcoI2NoZ
HORIZON SPORTS,The Swimsmith,2023.08.29 14:47:39,2023.08.29 15:40:33,Sport,TgrcoI2NoZ
HORIZON SPORTS,All The Way Eng,2023.08.29 15:40:34,2023.08.29 16:57:18,Sport,TgrcoI2NoZ
HORIZON SPORTS,Gka Kite World Tour 2022,2023.08.29 16:57:19,2023.08.29 17:10:49,Sport,TgrcoI2NoZ
HORIZON SPORTS,Gka Freestyle-Kite World Cup 2022 Final,2023.08.29 17:10:50,2023.08.29 17:28:31,Sport,TgrcoI2NoZ
HORIZON SPORTS,Visit Qatar Gka Freestyle Kite World Cup 2023,2023.08.29 17:28:32,2023.08.29 17:36:20,Sport,TgrcoI2NoZ
HORIZON SPORTS,Otilloswimrun Cannes 2022 Official Film,2023.08.29 17:36:21,2023.08.29 17:41:20,Sport,TgrcoI2NoZ
HORIZON SPORTS,Birna. The Woman Who Swims In Ice,2023.08.29 17:41:21,2023.08.29 18:16:55,Sport,TgrcoI2NoZ
HORIZON SPORTS,European Freestyle Pro Tour 2023,2023.08.29 18:16:56,2023.08.29 18:25:45,Sport,TgrcoI2NoZ
HORIZON SPORTS,Tour Of The Islands Of Southern Brittany,2023.08.29 18:25:46,2023.08.29 18:58:11,Sport,TgrcoI2NoZ
HORIZON SPORTS,Otilloswimrun Gothenburg 2023,2023.08.29 18:58:12,2023.08.29 19:02:24,Sport,TgrcoI2NoZ
HORIZON SPORTS,Gka Freestyle-Kite World Cup Colombia 2023,2023.08.29 19:02:25,2023.08.29 19:26:06,Sport,TgrcoI2NoZ
HORIZON SPORTS,Otilloswimrun Uto2023,2023.08.29 19:26:07,2023.08.29 19:30:02,Sport,TgrcoI2NoZ
HORIZON SPORTS,Gwa Wingfoil World Tour Cabo Verde 2023,2023.08.29 19:30:03,2023.08.29 19:40:14,Sport,TgrcoI2NoZ
HORIZON SPORTS,Hugo And Max - The Grand Slam,2023.08.29 19:40:15,2023.08.29 20:21:59,Sport,TgrcoI2NoZ
HORIZON SPORTS,Running The Loowit Trail On Mt St Helens,2023.08.29 20:22:00,2023.08.29 20:27:29,Sport,TgrcoI2NoZ
HORIZON SPORTS,Nightmare Climbs - Jafferau Eng,2023.08.29 20:27:30,2023.08.29 20:41:26,Sport,TgrcoI2NoZ
HORIZON SPORTS,Nepal - The Other Side Of Things,2023.08.29 20:41:27,2023.08.29 21:00:56,Sport,TgrcoI2NoZ
HORIZON SPORTS,Petzl Roc Trip Argentina,2023.08.29 21:00:57,2023.08.29 21:27:36,Sport,TgrcoI2NoZ
HORIZON SPORTS,Highest Peak On VancouverS North Shore - Brunswick Mountain Eng,2023.08.29 21:27:37,2023.08.29 21:45:34,Sport,TgrcoI2NoZ
HORIZON SPORTS,Nightmare Climbs - San Pantaleon Eng,2023.08.29 21:45:35,2023.08.29 21:56:44,Sport,TgrcoI2NoZ
HORIZON SPORTS,Engadin Ski Marathon 2023,2023.08.29 21:56:45,2023.08.29 22:01:21,Sport,TgrcoI2NoZ
HORIZON SPORTS,Dobbiaco - Cortina Cross Country Race 2022,2023.08.29 22:01:22,2023.08.29 22:33:39,Sport,TgrcoI2NoZ
HORIZON SPORTS,Freeride World Tour 2023 Rd3 Kicking Horse Golden Bc Canada,2023.08.29 22:33:40,2023.08.29 22:52:07,Sport,TgrcoI2NoZ
HORIZON SPORTS,Norvan Falls,2023.08.29 22:52:08,2023.08.29 22:58:06,Sport,TgrcoI2NoZ
HORIZON SPORTS,Freeride World Tour 2023 Rd2 Ordino Arcalis Andorra,2023.08.29 22:58:07,2023.08.29 23:21:33,Sport,TgrcoI2NoZ
HORIZON SPORTS,Freeride World Tour 2023 Rd1 Baqueira Beret Spain,2023.08.29 23:21:34,2023.08.29 23:41:10,Sport,TgrcoI2NoZ
HORIZON SPORTS,Otztaler Radmarathon 2023,2023.08.29 23:41:11,2023.08.29 23:43:47,Sport,TgrcoI2NoZ
HORIZON SPORTS,Margalef - Climbing,2023.08.29 23:43:48,2023.08.30 00:02:45,Sport,TgrcoI2NoZ
HORIZON SPORTS,La Grande Odyssee 2023 - Best Of,2023.08.30 00:02:46,2023.08.30 00:15:49,Sport,TgrcoI2NoZ
HORIZON SPORTS,Lekkarod 2022 V. Int,2023.08.30 00:15:50,2023.08.30 00:42:38,Sport,TgrcoI2NoZ
HORIZON SPORTS,World Rookie Freeski Finals 2023,2023.08.30 00:42:39,2023.08.30 00:47:12,Sport,TgrcoI2NoZ
HORIZON SPORTS,Backcountry Skiing At Mcgillivray Lodge Eng,2023.08.30 00:47:13,2023.08.30 01:26:37,Sport,TgrcoI2NoZ
HORIZON SPORTS,Freeride World Tour 2023 Ep4 Fieberbrunn Austria,2023.08.30 01:26:38,2023.08.30 01:46:04,Sport,TgrcoI2NoZ
HORIZON SPORTS,La Grande Odyssee 2022,2023.08.30 01:46:05,2023.08.30 01:59:19,Sport,TgrcoI2NoZ
HORIZON SPORTS,Summiting Mt Sneffels In Colorado Eng,2023.08.30 01:59:20,2023.08.30 02:17:03,Sport,TgrcoI2NoZ
HORIZON SPORTS,World Rookie Snowboard Finals 2023,2023.08.30 02:17:04,2023.08.30 02:24:31,Sport,TgrcoI2NoZ
HORIZON SPORTS,Super League Triathlon Arena Games 2023 Sursee Part 2,2023.08.30 02:24:32,2023.08.30 03:55:54,Sport,TgrcoI2NoZ
HORIZON SPORTS,Inside Utmb 2022,2023.08.30 03:55:55,2023.08.30 05:40:25,Sport,TgrcoI2NoZ
HORIZON SPORTS,Sunshine Coast Trail - Fastpacking 115 Km In 3 Days,2023.08.30 05:40:26,2023.08.30 06:06:33,Sport,TgrcoI2NoZ
HORIZON SPORTS,Golden Trail Series - Chasing Dreams Season 2022 - Episode 3 Mental Fight Eng,2023.08.30 06:06:34,2023.08.30 06:39:30,Sport,TgrcoI2NoZ
HORIZON SPORTS,Marathon Des Sables 2023 - The Film,2023.08.30 06:39:31,2023.08.30 07:39:46,Sport,TgrcoI2NoZ
HORIZON SPORTS,Golden Trail Series - Chasing Dreams Season 2022 - Episode 2 A New Life Eng,2023.08.30 07:39:47,2023.08.30 08:12:32,Sport,TgrcoI2NoZ
HORIZON SPORTS,Marathon Des Sables 2023 0,2023.08.30 08:12:33,2023.08.30 08:17:48,Sport,TgrcoI2NoZ
HORIZON SPORTS,Maxi Race 2023,2023.08.30 08:17:49,2023.08.30 08:20:23,Sport,TgrcoI2NoZ
HORIZON SPORTS,Ungrounded Episode 3 - Meredith Edwards,2023.08.30 08:20:24,2023.08.30 08:27:31,Sport,TgrcoI2NoZ
HORIZON SPORTS,Expedition Antarctica Of Extreme Sports Woman Caro North,2023.08.30 08:27:32,2023.08.30 08:47:34,Sport,TgrcoI2NoZ
HORIZON SPORTS,Moana Waiwai - The Film,2023.08.30 08:47:35,2023.08.30 09:15:51,Sport,TgrcoI2NoZ
HORIZON SPORTS,Rwanda Congo Uganda Bike Adventure - Part 1,2023.08.30 09:15:52,2023.08.30 09:34:43,Sport,TgrcoI2NoZ
HORIZON SPORTS,Backcountry Skiing At Mcgillivray Lodge Eng,2023.08.30 09:34:44,2023.08.30 10:14:26,Sport,TgrcoI2NoZ
HORIZON SPORTS,Discovering South Korea By Bike,2023.08.30 10:14:27,2023.08.30 11:18:58,Sport,TgrcoI2NoZ
HORIZON SPORTS,Adventure Racing World Series 2022 - Panama,2023.08.30 11:18:59,2023.08.30 12:25:17,Sport,TgrcoI2NoZ
HORIZON SPORTS,A Feather In The West,2023.08.30 12:25:18,2023.08.30 13:23:32,Sport,TgrcoI2NoZ
HORIZON SPORTS,The First Second - Geraldine Fasnacht,2023.08.30 13:23:33,2023.08.30 13:25:59,Sport,TgrcoI2NoZ
HORIZON SPORTS,Rwanda Congo Uganda Bike Adventure - Part 4,2023.08.30 13:26:00,2023.08.30 13:50:33,Sport,TgrcoI2NoZ
HORIZON SPORTS,Coastal Hike - Rapallo To Camogli,2023.08.30 13:50:34,2023.08.30 14:10:36,Sport,TgrcoI2NoZ
HORIZON SPORTS,Marathon Des Sables 2023 2,2023.08.30 14:10:37,2023.08.30 14:17:22,Sport,TgrcoI2NoZ
HORIZON SPORTS,Raid Amazones Sri Lanka 03 2023,2023.08.30 14:17:23,2023.08.30 14:24:35,Sport,TgrcoI2NoZ
HORIZON SPORTS,Marathon Des Sables 2023 7,2023.08.30 14:24:36,2023.08.30 14:30:09,Sport,TgrcoI2NoZ
HORIZON SPORTS,Desafio China By La Vuelta,2023.08.30 14:30:10,2023.08.30 15:34:38,Sport,TgrcoI2NoZ
HORIZON SPORTS,Titan Desert Morocco 2023,2023.08.30 15:34:39,2023.08.30 16:07:56,Sport,TgrcoI2NoZ
HORIZON SPORTS,Nightmare Climbs - San Pantaleon Eng,2023.08.30 16:07:57,2023.08.30 16:19:06,Sport,TgrcoI2NoZ
HORIZON SPORTS,Titan Desert Morocco 2018,2023.08.30 16:19:07,2023.08.30 16:52:34,Sport,TgrcoI2NoZ
HORIZON SPORTS,Mediterranean Epic 2023 Eng,2023.08.30 16:52:35,2023.08.30 17:09:47,Sport,TgrcoI2NoZ
HORIZON SPORTS,Mediterranean Epic 2022 Highlights,2023.08.30 17:09:48,2023.08.30 17:23:30,Sport,TgrcoI2NoZ
HORIZON SPORTS,Race To The Rock,2023.08.30 17:23:31,2023.08.30 17:53:36,Sport,TgrcoI2NoZ
HORIZON SPORTS,Tour Of Hellas 2023 Prologue,2023.08.30 17:53:37,2023.08.30 18:24:03,Sport,TgrcoI2NoZ
HORIZON SPORTS,Freewheeling Ep.4 Giro DItalia Eng,2023.08.30 18:24:04,2023.08.30 19:00:30,Sport,TgrcoI2NoZ
HORIZON SPORTS,Gravel World Championships Backstage Eng,2023.08.30 19:00:31,2023.08.30 19:15:11,Sport,TgrcoI2NoZ
HORIZON SPORTS,More Than Miles,2023.08.30 19:15:12,2023.08.30 20:11:38,Sport,TgrcoI2NoZ
HORIZON SPORTS,LEroica 2022,2023.08.30 20:11:39,2023.08.30 20:20:09,Sport,TgrcoI2NoZ
HORIZON SPORTS,Algarve Bike Challenge 2022,2023.08.30 20:20:10,2023.08.30 20:33:19,Sport,TgrcoI2NoZ
HORIZON SPORTS,Coolangatta Gold 2022,2023.08.30 20:33:20,2023.08.30 21:34:34,Sport,TgrcoI2NoZ
HORIZON SPORTS,Birna. The Woman Who Swims In Ice,2023.08.30 21:34:35,2023.08.30 22:08:24,Sport,TgrcoI2NoZ
HORIZON SPORTS,Gwa Wingfoil World Cup 2023 New Zealand,2023.08.30 22:08:25,2023.08.30 22:25:40,Sport,TgrcoI2NoZ
HORIZON SPORTS,Gka Freestyle-Kite World Cup 2022 Final,2023.08.30 22:25:41,2023.08.30 22:43:24,Sport,TgrcoI2NoZ
HORIZON SPORTS,Gwa Wingfoil World Cup 2022 - Brazil,2023.08.30 22:43:25,2023.08.30 23:15:18,Sport,TgrcoI2NoZ
HORIZON SPORTS,The First Second - Armel Le CleacH E,2023.08.30 23:15:19,2023.08.30 23:17:27,Sport,TgrcoI2NoZ
HORIZON SPORTS,Tour Of The Islands Of Southern Brittany,2023.08.30 23:17:28,2023.08.30 23:49:45,Sport,TgrcoI2NoZ
HORIZON SPORTS,Otilloswimrun Gothenburg 2023,2023.08.30 23:49:46,2023.08.30 23:56:08,Sport,TgrcoI2NoZ
HORIZON SPORTS,Otilloswimrun Uto2023,2023.08.30 23:56:09,2023.08.31 00:00:04,Sport,TgrcoI2NoZ
HORIZON SPORTS,Kite Masters 2022 - Episode 6,2023.08.31 00:00:05,2023.08.31 00:34:23,Sport,TgrcoI2NoZ
HORIZON SPORTS,Gka Kite-Surf World Cup Cape Verde 2023,2023.08.31 00:34:24,2023.08.31 00:47:55,Sport,TgrcoI2NoZ
HORIZON SPORTS,Otilloswimrun Cannes 2022 Official Film,2023.08.31 00:47:56,2023.08.31 00:55:05,Sport,TgrcoI2NoZ
HORIZON SPORTS,Lords Of Tram Gka Big-Air Kite World Cup France 2023,2023.08.31 00:55:06,2023.08.31 01:07:20,Sport,TgrcoI2NoZ
HORIZON SPORTS,Otilloswimrun Engadin 2023,2023.08.31 01:07:21,2023.08.31 01:10:20,Sport,TgrcoI2NoZ
HORIZON SPORTS,European Freestyle Pro Tour 2023,2023.08.31 01:10:21,2023.08.31 01:19:19,Sport,TgrcoI2NoZ
HORIZON SPORTS,Visit Qatar Gka Freestyle Kite World Cup 2023,2023.08.31 01:19:20,2023.08.31 01:27:08,Sport,TgrcoI2NoZ
HORIZON SPORTS,Kite Masters 2022 - Episode 5,2023.08.31 01:27:09,2023.08.31 01:59:29,Sport,TgrcoI2NoZ
HORIZON SPORTS,Gka Kite World Tour 2022 - Neom,2023.08.31 01:59:30,2023.08.31 02:17:55,Sport,TgrcoI2NoZ
HORIZON SPORTS,Qatar Airways Gka Big Air Kite World Championships,2023.08.31 02:17:56,2023.08.31 02:36:58,Sport,TgrcoI2NoZ
HORIZON SPORTS,Nine Mountains,2023.08.31 02:36:59,2023.08.31 03:30:56,Sport,TgrcoI2NoZ
HORIZON SPORTS,Margalef - Climbing,2023.08.31 03:30:57,2023.08.31 03:50:01,Sport,TgrcoI2NoZ
HORIZON SPORTS,Nepal - The Other Side Of Things,2023.08.31 03:50:02,2023.08.31 04:09:32,Sport,TgrcoI2NoZ
HORIZON SPORTS,Highest Peak On VancouverS North Shore - Brunswick Mountain Eng,2023.08.31 04:09:33,2023.08.31 04:25:39,Sport,TgrcoI2NoZ
HORIZON SPORTS,Freeride World Tour 2023 Rd2 Ordino Arcalis Andorra,2023.08.31 04:25:40,2023.08.31 04:48:54,Sport,TgrcoI2NoZ
HORIZON SPORTS,Aussie 8,2023.08.31 04:48:55,2023.08.31 05:43:27,Sport,TgrcoI2NoZ
HORIZON SPORTS,Skiing China Exploring Altai Mountains,2023.08.31 05:43:28,2023.08.31 06:13:32,Sport,TgrcoI2NoZ
HORIZON SPORTS,World Rookie Freeski Finals 2023,2023.08.31 06:13:33,2023.08.31 06:20:16,Sport,TgrcoI2NoZ
HORIZON SPORTS,Dobbiaco - Cortina Cross Country Race 2022,2023.08.31 06:20:17,2023.08.31 06:52:19,Sport,TgrcoI2NoZ
HORIZON SPORTS,Lekkarod 2022 V. Int,2023.08.31 06:52:20,2023.08.31 07:16:51,Sport,TgrcoI2NoZ
HORIZON SPORTS,Petzl Roc Trip Argentina,2023.08.31 07:16:52,2023.08.31 07:45:43,Sport,TgrcoI2NoZ
HORIZON SPORTS,Backcountry Skiing At Mcgillivray Lodge Eng,2023.08.31 07:45:44,2023.08.31 08:25:30,Sport,TgrcoI2NoZ
HORIZON SPORTS,Norvan Falls,2023.08.31 08:25:31,2023.08.31 08:33:40,Sport,TgrcoI2NoZ
HORIZON SPORTS,Otztaler Radmarathon 2023,2023.08.31 08:33:41,2023.08.31 08:40:25,Sport,TgrcoI2NoZ
HORIZON SPORTS,Marathon Des Sables 2023 0,2023.08.31 08:40:26,2023.08.31 08:45:40,Sport,TgrcoI2NoZ
HORIZON SPORTS,Salomon Community Run New Caledonia,2023.08.31 08:45:41,2023.08.31 08:57:43,Sport,TgrcoI2NoZ
HORIZON SPORTS,Super League Triathlon Arena Games 2023 Sursee Part 2,2023.08.31 08:57:44,2023.08.31 10:28:48,Sport,TgrcoI2NoZ
HORIZON SPORTS,Galaverna Winter Trail Race 2023,2023.08.31 10:28:49,2023.08.31 10:45:10,Sport,TgrcoI2NoZ
HORIZON SPORTS,Trail Menorca 2023,2023.08.31 10:45:11,2023.08.31 11:17:19,Sport,TgrcoI2NoZ
HORIZON SPORTS,World Triathlon Para Series 2023,2023.08.31 11:17:20,2023.08.31 11:49:49,Sport,TgrcoI2NoZ
HORIZON SPORTS,Trans Sahara Marathon 2023 Eng,2023.08.31 11:49:50,2023.08.31 12:25:48,Sport,TgrcoI2NoZ
HORIZON SPORTS,Super League Triathlon Arena Games 2023 London Men,2023.08.31 12:25:49,2023.08.31 13:56:44,Sport,TgrcoI2NoZ
HORIZON SPORTS,Golden Trail Series - Chasing Dreams Season 2022 - Episode 4 The Gin And The Tonic Eng,2023.08.31 13:56:45,2023.08.31 14:30:12,Sport,TgrcoI2NoZ
HORIZON SPORTS,Maxi Race 2023,2023.08.31 14:30:13,2023.08.31 14:32:47,Sport,TgrcoI2NoZ
HORIZON SPORTS,Ungrounded Episode 3 - Meredith Edwards,2023.08.31 14:32:48,2023.08.31 14:42:49,Sport,TgrcoI2NoZ
HORIZON SPORTS,The Outdoor Sports Show 2023 Episode 2,2023.08.31 14:42:50,2023.08.31 15:06:11,Sport,TgrcoI2NoZ
HORIZON SPORTS,The Outdoor Sports Show 2023 Episode 3,2023.08.31 15:06:12,2023.08.31 15:27:27,Sport,TgrcoI2NoZ
HORIZON SPORTS,A Desert Skiing Epic. Xcss01 Sahara 2022,2023.08.31 15:27:28,2023.08.31 16:02:00,Sport,TgrcoI2NoZ
HORIZON SPORTS,The Outdoor Sports Show 2023 Episode 4,2023.08.31 16:02:01,2023.08.31 16:34:07,Sport,TgrcoI2NoZ
HORIZON SPORTS,The First Second - Geraldine Fasnacht,2023.08.31 16:34:08,2023.08.31 16:36:33,Sport,TgrcoI2NoZ
HORIZON SPORTS,Marathon Des Sables 2023 3,2023.08.31 16:36:34,2023.08.31 16:43:07,Sport,TgrcoI2NoZ
HORIZON SPORTS,Backcountry Skiing At Mcgillivray Lodge Eng,2023.08.31 16:43:08,2023.08.31 17:22:34,Sport,TgrcoI2NoZ
HORIZON SPORTS,The Outdoor Sports Show 2023 - Episode 6,2023.08.31 17:22:35,2023.08.31 17:47:44,Sport,TgrcoI2NoZ
HORIZON SPORTS,Chapter 10  Traverse - Reflections On A Brutal Yet Beautiful Adventure,2023.08.31 17:47:45,2023.08.31 18:03:07,Sport,TgrcoI2NoZ
HORIZON SPORTS,Rwanda Congo Uganda Bike Adventure - Part 4,2023.08.31 18:03:08,2023.08.31 18:27:33,Sport,TgrcoI2NoZ
HORIZON SPORTS,Route Du Rhum 2022 - Full Summary Eng,2023.08.31 18:27:34,2023.08.31 19:34:51,Sport,TgrcoI2NoZ
HORIZON SPORTS,Georgia On My Bike - Part 3 Eng,2023.08.31 19:34:52,2023.08.31 20:07:59,Sport,TgrcoI2NoZ
HORIZON SPORTS,The Outdoor Sports Show 2022 - Episode 12,2023.08.31 20:08:00,2023.08.31 20:40:04,Sport,TgrcoI2NoZ
HORIZON SPORTS,Marathon Des Sables 2023 7,2023.08.31 20:40:05,2023.08.31 20:44:58,Sport,TgrcoI2NoZ
HORIZON SPORTS,Power Of The Pedal,2023.08.31 20:44:59,2023.08.31 21:49:24,Sport,TgrcoI2NoZ
HORIZON SPORTS,Freewheeling Ep.4 Giro DItalia Eng,2023.08.31 21:49:25,2023.08.31 22:25:44,Sport,TgrcoI2NoZ
HORIZON SPORTS,Titan Desert Morocco 2019,2023.08.31 22:25:45,2023.08.31 22:57:02,Sport,TgrcoI2NoZ
HORIZON SPORTS,Recon Chrono Climb Tarvisio-Lussari Giro DItalia 2023 Eng,2023.08.31 22:57:03,2023.08.31 23:28:33,Sport,TgrcoI2NoZ
HORIZON SPORTS,Cape Epic 2022,2023.08.31 23:28:34,2023.09.01 00:25:49,Sport,TgrcoI2NoZ
HORIZON SPORTS,3089 - The Film,2023.09.01 00:25:50,2023.09.01 01:20:14,Sport,TgrcoI2NoZ
HORIZON SPORTS,Titan Desert Morocco 2018,2023.09.01 01:20:15,2023.09.01 01:55:27,Sport,TgrcoI2NoZ
HORIZON SPORTS,Freewheeling 2023 Ep.3 Tour Of Flanders Eng,2023.09.01 01:55:28,2023.09.01 02:37:34,Sport,TgrcoI2NoZ
HORIZON SPORTS,The First Second - Jerome Clementz,2023.09.01 02:37:35,2023.09.01 02:39:48,Sport,TgrcoI2NoZ
HORIZON SPORTS,Otztaler Radmarathon 2023,2023.09.01 02:39:49,2023.09.01 02:42:25,Sport,TgrcoI2NoZ
HORIZON SPORTS,The First Second - Sam Anthamatten,2023.09.01 02:42:26,2023.09.01 02:47:48,Sport,TgrcoI2NoZ
HORIZON SPORTS,Kite Masters 2022 - Episode 5,2023.09.01 02:47:49,2023.09.01 03:20:17,Sport,TgrcoI2NoZ
HORIZON SPORTS,All The Way Eng,2023.09.01 03:20:18,2023.09.01 04:35:10,Sport,TgrcoI2NoZ
HORIZON SPORTS,The First Second - Samantha Davies,2023.09.01 04:35:11,2023.09.01 04:39:34,Sport,TgrcoI2NoZ
HORIZON SPORTS,Otilloswimrun Gothenburg 2023,2023.09.01 04:39:35,2023.09.01 04:43:47,Sport,TgrcoI2NoZ
HORIZON SPORTS,Gka Freestyle-Kite World Cup 2022 Final,2023.09.01 04:43:48,2023.09.01 05:01:30,Sport,TgrcoI2NoZ
HORIZON SPORTS,Coolangatta Gold 2022,2023.09.01 05:01:31,2023.09.01 06:03:07,Sport,TgrcoI2NoZ
HORIZON SPORTS,Gka Kite-Surf World Cup Cape Verde 2023,2023.09.01 06:03:08,2023.09.01 06:18:34,Sport,TgrcoI2NoZ
HORIZON SPORTS,Gwa Wingfoil World Cup 2022 - Brazil,2023.09.01 06:18:35,2023.09.01 06:50:19,Sport,TgrcoI2NoZ
HORIZON SPORTS,The First Second - Armel Le CleacH E,2023.09.01 06:50:20,2023.09.01 06:52:28,Sport,TgrcoI2NoZ
HORIZON SPORTS,Aliquam The Film,2023.09.01 06:52:29,2023.09.01 08:01:10,Sport,TgrcoI2NoZ
HORIZON SPORTS,Gka Kite World Tour 2022,2023.09.01 08:01:11,2023.09.01 08:14:41,Sport,TgrcoI2NoZ
HORIZON SPORTS,Gka Kite World Tour 2022 - Neom,2023.09.01 08:14:42,2023.09.01 08:33:03,Sport,TgrcoI2NoZ
HORIZON SPORTS,Visit Qatar Gka Freestyle Kite World Cup 2023,2023.09.01 08:33:04,2023.09.01 08:40:52,Sport,TgrcoI2NoZ
HORIZON SPORTS,Otilloswimrun Cannes 2022 Official Film,2023.09.01 08:40:53,2023.09.01 08:45:52,Sport,TgrcoI2NoZ
HORIZON SPORTS,Otilloswimrun Engadin 2023,2023.09.01 08:45:53,2023.09.01 08:51:03,Sport,TgrcoI2NoZ
HORIZON SPORTS,Freeride World Tour 2023 Rd3 Kicking Horse Golden Bc Canada,2023.09.01 08:51:04,2023.09.01 09:07:30,Sport,TgrcoI2NoZ
HORIZON SPORTS,Margalef - Climbing,2023.09.01 09:07:31,2023.09.01 09:26:26,Sport,TgrcoI2NoZ
HORIZON SPORTS,Highest Peak On VancouverS North Shore - Brunswick Mountain Eng,2023.09.01 09:26:27,2023.09.01 09:44:24,Sport,TgrcoI2NoZ
HORIZON SPORTS,World Rookie Snowboard Finals 2023,2023.09.01 09:44:25,2023.09.01 09:47:33,Sport,TgrcoI2NoZ
HORIZON SPORTS,A Feather In The West,2023.09.01 09:47:34,2023.09.01 10:45:49,Sport,TgrcoI2NoZ
HORIZON SPORTS,Lekkarod 2022 V. Int,2023.09.01 10:45:50,2023.09.01 11:12:40,Sport,TgrcoI2NoZ
HORIZON SPORTS,Freeride World Tour 2023 Rd2 Ordino Arcalis Andorra,2023.09.01 11:12:41,2023.09.01 11:34:02,Sport,TgrcoI2NoZ
HORIZON SPORTS,Dobbiaco - Cortina Cross Country Race 2022,2023.09.01 11:34:03,2023.09.01 12:06:28,Sport,TgrcoI2NoZ
HORIZON SPORTS,Nightmare Climbs - San Pantaleon Eng,2023.09.01 12:06:29,2023.09.01 12:17:48,Sport,TgrcoI2NoZ
HORIZON SPORTS,Nepal - The Other Side Of Things,2023.09.01 12:17:49,2023.09.01 12:37:20,Sport,TgrcoI2NoZ
HORIZON SPORTS,World Rookie Freeski Finals 2023,2023.09.01 12:37:21,2023.09.01 12:43:55,Sport,TgrcoI2NoZ
HORIZON SPORTS,Nine Mountains,2023.09.01 12:43:56,2023.09.01 13:37:44,Sport,TgrcoI2NoZ
HORIZON SPORTS,Norvan Falls,2023.09.01 13:37:45,2023.09.01 13:45:52,Sport,TgrcoI2NoZ
HORIZON SPORTS,La Grande Odyssee 2023 - Best Of,2023.09.01 13:45:53,2023.09.01 13:58:57,Sport,TgrcoI2NoZ
HORIZON SPORTS,Freeride World Tour 2023 Ep4 Fieberbrunn Austria,2023.09.01 13:58:58,2023.09.01 14:18:34,Sport,TgrcoI2NoZ
HORIZON SPORTS,Nightmare Climbs - Jafferau Eng,2023.09.01 14:18:35,2023.09.01 14:30:29,Sport,TgrcoI2NoZ
HORIZON SPORTS,Otztaler Radmarathon 2023,2023.09.01 14:30:30,2023.09.01 14:35:07,Sport,TgrcoI2NoZ
HORIZON SPORTS,Julbo White Session Zermatt And Chamonix,2023.09.01 14:35:08,2023.09.01 14:54:20,Sport,TgrcoI2NoZ
HORIZON SPORTS,Ungrounded Episode 3 - Meredith Edwards,2023.09.01 14:54:21,2023.09.01 14:59:50,Sport,TgrcoI2NoZ
HORIZON SPORTS,Golden Trail Series - Chasing Dreams Season 2022 - Episode 1 Keep Dreaming Eng,2023.09.01 14:59:51,2023.09.01 15:33:21,Sport,TgrcoI2NoZ
HORIZON SPORTS,The Abbots Way Eng,2023.09.01 15:33:22,2023.09.01 16:13:19,Sport,TgrcoI2NoZ
HORIZON SPORTS,Golden Trail World Series 2022 - The Final - Madeira Ocean Trails Eng,2023.09.01 16:13:20,2023.09.01 16:48:52,Sport,TgrcoI2NoZ
HORIZON SPORTS,Wizz Air Cardiff Half Marathon 2022,2023.09.01 16:48:53,2023.09.01 17:21:09,Sport,TgrcoI2NoZ
HORIZON SPORTS,Salomon Community Run New Caledonia,2023.09.01 17:21:10,2023.09.01 17:33:09,Sport,TgrcoI2NoZ
HORIZON SPORTS,Super League Triathlon Arena Games 2023 Sursee Part 1,2023.09.01 17:33:10,2023.09.01 18:52:31,Sport,TgrcoI2NoZ
HORIZON SPORTS,Trail Menorca 2023,2023.09.01 18:52:32,2023.09.01 19:24:56,Sport,TgrcoI2NoZ
HORIZON SPORTS,Long Course Weekend Wales 2022,2023.09.01 19:24:57,2023.09.01 20:31:48,Sport,TgrcoI2NoZ
HORIZON SPORTS,Marathon Des Sables 2023 0,2023.09.01 20:31:49,2023.09.01 20:34:54,Sport,TgrcoI2NoZ
HORIZON SPORTS,Galaverna Winter Trail Race 2023,2023.09.01 20:34:55,2023.09.01 20:51:26,Sport,TgrcoI2NoZ
HORIZON SPORTS,Maxi Race 2023,2023.09.01 20:51:27,2023.09.01 20:57:10,Sport,TgrcoI2NoZ
HORIZON SPORTS,Rwanda Congo Uganda Bike Adventure - Part 3,2023.09.01 20:57:11,2023.09.01 21:08:18,Sport,TgrcoI2NoZ
HORIZON SPORTS,Adventure Racing World Series 2022 - Panama,2023.09.01 21:08:19,2023.09.01 22:15:06,Sport,TgrcoI2NoZ
HORIZON SPORTS,Raid Amazones Sri Lanka 03 2023,2023.09.01 22:15:07,2023.09.01 22:20:17,Sport,TgrcoI2NoZ
HORIZON SPORTS,A Feather In The West,2023.09.01 22:20:18,2023.09.01 23:18:51,Sport,TgrcoI2NoZ
HORIZON SPORTS,Ungrounded Episode 4 - Sunny Stroeer,2023.09.01 23:18:52,2023.09.01 23:22:04,Sport,TgrcoI2NoZ
HORIZON SPORTS,Backcountry Skiing At Mcgillivray Lodge Eng,2023.09.01 23:22:05,2023.09.02 00:01:46,Sport,TgrcoI2NoZ
HORIZON SPORTS,Georgia On My Bike - Part 2 Eng,2023.09.02 00:01:47,2023.09.02 00:19:32,Sport,TgrcoI2NoZ
HORIZON SPORTS,Sunshine Coast Trail - Fastpacking 115 Km In 3 Days,2023.09.02 00:19:33,2023.09.02 00:45:48,Sport,TgrcoI2NoZ
HORIZON SPORTS,Rwanda Congo Uganda Bike Adventure - Part 2,2023.09.02 00:45:49,2023.09.02 01:07:21,Sport,TgrcoI2NoZ
HORIZON SPORTS,Marathon Des Sables 2023 3,2023.09.02 01:07:22,2023.09.02 01:11:55,Sport,TgrcoI2NoZ
HORIZON SPORTS,Chapter 10  Traverse - Reflections On A Brutal Yet Beautiful Adventure,2023.09.02 01:11:56,2023.09.02 01:27:27,Sport,TgrcoI2NoZ
HORIZON SPORTS,Conquering The Vedder Eng,2023.09.02 01:27:28,2023.09.02 02:01:03,Sport,TgrcoI2NoZ
HORIZON SPORTS,The Outdoor Sports Show 2023 Episode 4,2023.09.02 02:01:04,2023.09.02 02:33:07,Sport,TgrcoI2NoZ
HORIZON SPORTS,The Outdoor Sports Show 2023 Episode 3,2023.09.02 02:33:08,2023.09.02 03:00:49,Sport,TgrcoI2NoZ
HORIZON SPORTS,The Other French Race - Haute Route Alps With Rupert Guinness,2023.09.02 03:00:50,2023.09.02 03:38:05,Sport,TgrcoI2NoZ
HORIZON SPORTS,Titan Desert Morocco 2023,2023.09.02 03:38:06,2023.09.02 04:11:32,Sport,TgrcoI2NoZ
HORIZON SPORTS,Tour Of Hellas 2023 Prologue,2023.09.02 04:11:33,2023.09.02 04:41:51,Sport,TgrcoI2NoZ
HORIZON SPORTS,Freewheeling Ep.4 Giro DItalia Eng,2023.09.02 04:41:52,2023.09.02 05:16:10,Sport,TgrcoI2NoZ
HORIZON SPORTS,Desafio China By La Vuelta,2023.09.02 05:16:11,2023.09.02 06:22:52,Sport,TgrcoI2NoZ
HORIZON SPORTS,Tour Of Hellas 2023 Stage 4,2023.09.02 06:22:53,2023.09.02 06:53:37,Sport,TgrcoI2NoZ
HORIZON SPORTS,Tour Of Hellas 2023,2023.09.02 06:53:38,2023.09.02 07:47:44,Sport,TgrcoI2NoZ
HORIZON SPORTS,Titan Desert Morocco 2019,2023.09.02 07:47:45,2023.09.02 08:19:11,Sport,TgrcoI2NoZ
HORIZON SPORTS,From The South Up - The Film,2023.09.02 08:19:12,2023.09.02 08:46:16,Sport,TgrcoI2NoZ
HORIZON SPORTS,Mediterranean Epic 2022 Highlights,2023.09.02 08:46:17,2023.09.02 09:03:37,Sport,TgrcoI2NoZ
HORIZON SPORTS,Aliquam The Film,2023.09.02 09:03:38,2023.09.02 10:12:26,Sport,TgrcoI2NoZ
HORIZON SPORTS,Gka Freestyle-Kite World Cup 2022 Final,2023.09.02 10:12:27,2023.09.02 10:30:07,Sport,TgrcoI2NoZ
HORIZON SPORTS,The Swimsmith,2023.09.02 10:30:08,2023.09.02 11:23:11,Sport,TgrcoI2NoZ
HORIZON SPORTS,Visit Qatar Gka Freestyle Kite World Cup 2023,2023.09.02 11:23:12,2023.09.02 11:30:52,Sport,TgrcoI2NoZ
HORIZON SPORTS,All The Way Eng,2023.09.02 11:30:53,2023.09.02 12:45:40,Sport,TgrcoI2NoZ
HORIZON SPORTS,Gwa Wingfoil World Cup 2022 - Brazil,2023.09.02 12:45:41,2023.09.02 13:19:36,Sport,TgrcoI2NoZ
HORIZON SPORTS,The First Second - Armel Le CleacH E,2023.09.02 13:19:37,2023.09.02 13:21:45,Sport,TgrcoI2NoZ
HORIZON SPORTS,Kite Masters 2023 - Episode 1,2023.09.02 13:21:46,2023.09.02 13:54:06,Sport,TgrcoI2NoZ
HORIZON SPORTS,Lords Of Tram Gka Big-Air Kite World Cup France 2023,2023.09.02 13:54:07,2023.09.02 14:06:21,Sport,TgrcoI2NoZ
HORIZON SPORTS,Hugo And Max - The Grand Slam,2023.09.02 14:06:22,2023.09.02 14:44:26,Sport,TgrcoI2NoZ
HORIZON SPORTS,Gka Kite World Tour 2022,2023.09.02 14:44:27,2023.09.02 14:57:57,Sport,TgrcoI2NoZ
HORIZON SPORTS,European Freestyle Pro Tour Austria 2022,2023.09.02 14:57:58,2023.09.02 15:07:10,Sport,TgrcoI2NoZ
HORIZON SPORTS,La Grande Odyssee 2022,2023.09.02 15:07:11,2023.09.02 15:20:25,Sport,TgrcoI2NoZ
HORIZON SPORTS,World Rookie Freeski Finals 2023,2023.09.02 15:20:26,2023.09.02 15:27:09,Sport,TgrcoI2NoZ
HORIZON SPORTS,Aussie 8,2023.09.02 15:27:10,2023.09.02 16:21:34,Sport,TgrcoI2NoZ
HORIZON SPORTS,Skiing China Exploring Altai Mountains,2023.09.02 16:21:35,2023.09.02 16:51:43,Sport,TgrcoI2NoZ
HORIZON SPORTS,Nine Mountains,2023.09.02 16:51:44,2023.09.02 17:47:42,Sport,TgrcoI2NoZ
HORIZON SPORTS,Freeride World Tour 2023 Rd2 Ordino Arcalis Andorra,2023.09.02 17:47:43,2023.09.02 18:08:57,Sport,TgrcoI2NoZ
HORIZON SPORTS,Engadin Ski Marathon 2023,2023.09.02 18:08:58,2023.09.02 18:11:31,Sport,TgrcoI2NoZ
HORIZON SPORTS,Petzl Roc Trip Argentina,2023.09.02 18:11:32,2023.09.02 18:40:22,Sport,TgrcoI2NoZ
HORIZON SPORTS,Nightmare Climbs - Jafferau Eng,2023.09.02 18:40:23,2023.09.02 18:52:10,Sport,TgrcoI2NoZ
HORIZON SPORTS,Norvan Falls,2023.09.02 18:52:11,2023.09.02 19:00:13,Sport,TgrcoI2NoZ
HORIZON SPORTS,Dobbiaco - Cortina Cross Country Race 2022,2023.09.02 19:00:14,2023.09.02 19:32:19,Sport,TgrcoI2NoZ
HORIZON SPORTS,Summiting Mt Sneffels In Colorado Eng,2023.09.02 19:32:20,2023.09.02 19:50:04,Sport,TgrcoI2NoZ
HORIZON SPORTS,Otztaler Radmarathon 2023,2023.09.02 19:50:05,2023.09.02 19:52:42,Sport,TgrcoI2NoZ
HORIZON SPORTS,Lekkarod 2022 V. Int,2023.09.02 19:52:43,2023.09.02 20:19:15,Sport,TgrcoI2NoZ
HORIZON SPORTS,Julbo White Session Zermatt And Chamonix,2023.09.02 20:19:16,2023.09.02 20:34:16,Sport,TgrcoI2NoZ
HORIZON SPORTS,Freeride World Tour 2023 Ep4 Fieberbrunn Austria,2023.09.02 20:34:17,2023.09.02 20:53:51,Sport,TgrcoI2NoZ
HORIZON SPORTS,La Grande Odyssee 2023 - Best Of,2023.09.02 20:53:52,2023.09.02 21:10:06,Sport,TgrcoI2NoZ
HORIZON SPORTS,Golden Trail Series - Chasing Dreams Season 2022 - Episode 4 The Gin And The Tonic Eng,2023.09.02 21:10:07,2023.09.02 21:43:40,Sport,TgrcoI2NoZ
HORIZON SPORTS,Fastpacking The Tour Du Mont Blanc Eng,2023.09.02 21:43:41,2023.09.02 23:20:46,Sport,TgrcoI2NoZ
HORIZON SPORTS,Marathon Des Sables 2023 - The Film,2023.09.02 23:20:47,2023.09.03 00:21:11,Sport,TgrcoI2NoZ
HORIZON SPORTS,Golden Trail Series - Chasing Dreams Season 2022 - Episode 3 Mental Fight Eng,2023.09.03 00:21:12,2023.09.03 00:54:15,Sport,TgrcoI2NoZ
HORIZON SPORTS,Super League Triathlon Arena Games 2023 Sursee Part 2,2023.09.03 00:54:16,2023.09.03 02:25:28,Sport,TgrcoI2NoZ
HORIZON SPORTS,Maxi Race 2023,2023.09.03 02:25:29,2023.09.03 02:28:04,Sport,TgrcoI2NoZ
HORIZON SPORTS,Golden Trail World Series 2022 - The Final - Madeira Ocean Trails Eng,2023.09.03 02:28:05,2023.09.03 03:04:01,Sport,TgrcoI2NoZ
HORIZON SPORTS,Ungrounded Episode 3 - Meredith Edwards,2023.09.03 03:04:02,2023.09.03 03:07:31,Sport,TgrcoI2NoZ
HORIZON SPORTS,Marathon Des Sables 2023 0,2023.09.03 03:07:32,2023.09.03 03:13:16,Sport,TgrcoI2NoZ
HORIZON SPORTS,The Outdoor Sports Show 2023 Episode 1,2023.09.03 03:13:17,2023.09.03 03:45:27,Sport,TgrcoI2NoZ
HORIZON SPORTS,Route Du Rhum 2022 - Full Summary Eng,2023.09.03 03:45:28,2023.09.03 04:52:32,Sport,TgrcoI2NoZ
HORIZON SPORTS,From The South Up - The Film,2023.09.03 04:52:33,2023.09.03 05:17:43,Sport,TgrcoI2NoZ
HORIZON SPORTS,Conquering The Vedder Eng,2023.09.03 05:17:44,2023.09.03 05:53:05,Sport,TgrcoI2NoZ
HORIZON SPORTS,Rwanda Congo Uganda Bike Adventure - Part 3,2023.09.03 05:53:06,2023.09.03 06:04:11,Sport,TgrcoI2NoZ
HORIZON SPORTS,Rwanda Congo Uganda Bike Adventure - Part 2,2023.09.03 06:04:12,2023.09.03 06:25:48,Sport,TgrcoI2NoZ
HORIZON SPORTS,The Outdoor Sports Show 2023 - Episode 5,2023.09.03 06:25:49,2023.09.03 06:50:46,Sport,TgrcoI2NoZ
HORIZON SPORTS,Raid Amazones Sri Lanka 03 2023,2023.09.03 06:50:47,2023.09.03 06:57:57,Sport,TgrcoI2NoZ
HORIZON SPORTS,The Outdoor Sports Show 2023 - Episode 6,2023.09.03 06:57:58,2023.09.03 07:25:08,Sport,TgrcoI2NoZ
HORIZON SPORTS,Marathon Des Sables 2023 6,2023.09.03 07:25:09,2023.09.03 07:33:33,Sport,TgrcoI2NoZ
HORIZON SPORTS,A Feather In The West,2023.09.03 07:33:34,2023.09.03 08:30:10,Sport,TgrcoI2NoZ
HORIZON SPORTS,Expedition Antarctica Of Extreme Sports Woman Caro North,2023.09.03 08:30:11,2023.09.03 08:50:27,Sport,TgrcoI2NoZ
HORIZON SPORTS,Georgia On My Bike - Part 2 Eng,2023.09.03 08:50:28,2023.09.03 09:08:07,Sport,TgrcoI2NoZ
HORIZON SPORTS,Ungrounded Episode 4 - Sunny Stroeer,2023.09.03 09:08:08,2023.09.03 09:11:20,Sport,TgrcoI2NoZ
HORIZON SPORTS,Marathon Des Sables 2023 7,2023.09.03 09:11:21,2023.09.03 09:16:15,Sport,TgrcoI2NoZ
HORIZON SPORTS,LEroica 2022,2023.09.03 09:16:16,2023.09.03 09:24:38,Sport,TgrcoI2NoZ
HORIZON SPORTS,Tour Of Hellas 2023 Stage 4,2023.09.03 09:24:39,2023.09.03 09:55:10,Sport,TgrcoI2NoZ
HORIZON SPORTS,Algarve Bike Challenge 2022,2023.09.03 09:55:11,2023.09.03 10:07:10,Sport,TgrcoI2NoZ
HORIZON SPORTS,The Other French Race - Haute Route Alps With Rupert Guinness,2023.09.03 10:07:11,2023.09.03 10:46:58,Sport,TgrcoI2NoZ
HORIZON SPORTS,4Islands 2023,2023.09.03 10:46:59,2023.09.03 11:11:32,Sport,TgrcoI2NoZ
HORIZON SPORTS,Tour Of Hellas 2023 Prologue,2023.09.03 11:11:33,2023.09.03 11:41:46,Sport,TgrcoI2NoZ
HORIZON SPORTS,The First Second - Jerome Clementz,2023.09.03 11:41:47,2023.09.03 11:46:01,Sport,TgrcoI2NoZ
HORIZON SPORTS,Power Of The Pedal,2023.09.03 11:46:02,2023.09.03 12:50:21,Sport,TgrcoI2NoZ
HORIZON SPORTS,Otztaler Radmarathon 2023,2023.09.03 12:50:22,2023.09.03 12:52:58,Sport,TgrcoI2NoZ
HORIZON SPORTS,Freewheeling 2023 Ep.2 Strade Bianche Eng,2023.09.03 12:52:59,2023.09.03 13:42:37,Sport,TgrcoI2NoZ
HORIZON SPORTS,Race To The Rock,2023.09.03 13:42:38,2023.09.03 14:12:50,Sport,TgrcoI2NoZ
HORIZON SPORTS,Mediterranean Epic 2023 Eng,2023.09.03 14:12:51,2023.09.03 14:30:03,Sport,TgrcoI2NoZ
HORIZON SPORTS,Pedaler And Decouvrir Alba,2023.09.03 14:30:04,2023.09.03 15:01:06,Sport,TgrcoI2NoZ
HORIZON SPORTS,Mediterranean Epic 2022 Highlights,2023.09.03 15:01:07,2023.09.03 15:19:02,Sport,TgrcoI2NoZ
HORIZON SPORTS,Gka Kite-Surf World Cup Cape Verde 2023,2023.09.03 15:19:03,2023.09.03 15:34:36,Sport,TgrcoI2NoZ
HORIZON SPORTS,European Freestyle Pro Tour 2023,2023.09.03 15:34:37,2023.09.03 15:43:29,Sport,TgrcoI2NoZ
HORIZON SPORTS,Otilloswimrun Cannes 2022 Official Film,2023.09.03 15:43:30,2023.09.03 15:48:29,Sport,TgrcoI2NoZ
HORIZON SPORTS,Lords Of Tram Gka Big-Air Kite World Cup France 2023,2023.09.03 15:48:30,2023.09.03 16:02:41,Sport,TgrcoI2NoZ
HORIZON SPORTS,Gwa Wingfoil World Cup 2023 New Zealand,2023.09.03 16:02:42,2023.09.03 16:17:49,Sport,TgrcoI2NoZ
HORIZON SPORTS,Moana Waiwai - The Film,2023.09.03 16:17:50,2023.09.03 16:46:02,Sport,TgrcoI2NoZ
HORIZON SPORTS,Aliquam The Film,2023.09.03 16:46:03,2023.09.03 17:54:30,Sport,TgrcoI2NoZ
HORIZON SPORTS,Visit Qatar Gka Freestyle Kite World Cup 2023,2023.09.03 17:54:31,2023.09.03 18:00:10,Sport,TgrcoI2NoZ
HORIZON SPORTS,The First Second - Armel Le CleacH E,2023.09.03 18:00:11,2023.09.03 18:04:20,Sport,TgrcoI2NoZ
HORIZON SPORTS,Tour Of The Islands Of Southern Brittany,2023.09.03 18:04:21,2023.09.03 18:36:42,Sport,TgrcoI2NoZ
HORIZON SPORTS,Kite Masters 2022 - Episode 6,2023.09.03 18:36:43,2023.09.03 19:09:02,Sport,TgrcoI2NoZ
HORIZON SPORTS,Coolangatta Gold 2022,2023.09.03 19:09:03,2023.09.03 20:10:38,Sport,TgrcoI2NoZ
HORIZON SPORTS,Gka Freestyle-Kite World Cup Colombia 2023,2023.09.03 20:10:39,2023.09.03 20:34:30,Sport,TgrcoI2NoZ
HORIZON SPORTS,Otilloswimrun Gothenburg 2023,2023.09.03 20:34:31,2023.09.03 20:38:44,Sport,TgrcoI2NoZ
HORIZON SPORTS,Kite Masters 2023 - Episode 1,2023.09.03 20:38:45,2023.09.03 21:10:58,Sport,TgrcoI2NoZ
HORIZON SPORTS,The First Second - Samantha Davies,2023.09.03 21:10:59,2023.09.03 21:15:23,Sport,TgrcoI2NoZ
HORIZON SPORTS,Otilloswimrun Engadin 2023,2023.09.03 21:15:24,2023.09.03 21:22:12,Sport,TgrcoI2NoZ
HORIZON SPORTS,La Grande Odyssee 2023 - Best Of,2023.09.03 21:22:13,2023.09.03 21:35:24,Sport,TgrcoI2NoZ
HORIZON SPORTS,Running The Loowit Trail On Mt St Helens,2023.09.03 21:35:25,2023.09.03 21:43:03,Sport,TgrcoI2NoZ
HORIZON SPORTS,Julbo White Session Zermatt And Chamonix,2023.09.03 21:43:04,2023.09.03 22:00:14,Sport,TgrcoI2NoZ
HORIZON SPORTS,Otztaler Radmarathon 2023,2023.09.03 22:00:15,2023.09.03 22:02:51,Sport,TgrcoI2NoZ
HORIZON SPORTS,La Grande Odyssee 2022,2023.09.03 22:02:52,2023.09.03 22:16:13,Sport,TgrcoI2NoZ
HORIZON SPORTS,Summiting Mt Sneffels In Colorado Eng,2023.09.03 22:16:14,2023.09.03 22:33:42,Sport,TgrcoI2NoZ
HORIZON SPORTS,Freeride World Tour 2023 Rd3 Kicking Horse Golden Bc Canada,2023.09.03 22:33:43,2023.09.03 22:52:08,Sport,TgrcoI2NoZ
HORIZON SPORTS,Backcountry Skiing At Mcgillivray Lodge Eng,2023.09.03 22:52:09,2023.09.03 23:31:58,Sport,TgrcoI2NoZ
HORIZON SPORTS,Dobbiaco - Cortina Cross Country Race 2022,2023.09.03 23:31:59,2023.09.04 00:04:01,Sport,TgrcoI2NoZ
HORIZON SPORTS,Aussie 8,2023.09.04 00:04:02,2023.09.04 01:00:33,Sport,TgrcoI2NoZ
HORIZON SPORTS,Freeride World Tour 2023 Rd2 Ordino Arcalis Andorra,2023.09.04 01:00:34,2023.09.04 01:21:48,Sport,TgrcoI2NoZ
HORIZON SPORTS,Nightmare Climbs - Jafferau Eng,2023.09.04 01:21:49,2023.09.04 01:33:37,Sport,TgrcoI2NoZ
HORIZON SPORTS,Norvan Falls,2023.09.04 01:33:38,2023.09.04 01:41:46,Sport,TgrcoI2NoZ
HORIZON SPORTS,Skiing China Exploring Altai Mountains,2023.09.04 01:41:47,2023.09.04 01:59:59,Sport,TgrcoI2NoZ
HORIZON SPORTS,Golden Trail Series - Chasing Dreams Season 2022 - Episode 6 Rules Are Rules Eng,2023.09.04 02:00:00,2023.09.04 02:33:32,Sport,TgrcoI2NoZ
HORIZON SPORTS,Super League Triathlon Arena Games 2023 Sursee Part 2,2023.09.04 02:33:33,2023.09.04 04:04:49,Sport,TgrcoI2NoZ
HORIZON SPORTS,Inside My Borders - Sicily Eng,2023.09.04 04:04:50,2023.09.04 04:57:18,Sport,TgrcoI2NoZ
HORIZON SPORTS,Crewing And Pacing The 2022 Hardrock 100,2023.09.04 04:57:19,2023.09.04 05:52:09,Sport,TgrcoI2NoZ
HORIZON SPORTS,Ungrounded Episode 3 - Meredith Edwards,2023.09.04 05:52:10,2023.09.04 05:55:38,Sport,TgrcoI2NoZ
HORIZON SPORTS,Super League Triathlon Arena Games 2023 Sursee Part 1,2023.09.04 05:55:39,2023.09.04 05:59:59,Sport,TgrcoI2NoZ
